location,lat,lon,mention_count,entertainment_score_mean,entertainment_score_present_share,entertainment_score_strong_share,entertainment_score_sum,bad_news_score_mean,bad_news_score_present_share,bad_news_score_strong_share,bad_news_score_sum,magnitude_score_mean,magnitude_score_present_share,magnitude_score_strong_share,magnitude_score_sum,good_news_score_mean,good_news_score_present_share,good_news_score_strong_share,good_news_score_sum,celebrity_score_mean,celebrity_score_present_share,celebrity_score_strong_share,celebrity_score_sum,power_elite_score_mean,power_elite_score_present_share,power_elite_score_strong_share,power_elite_score_sum,dominant_news_values,dominant_map_category
't Zandt,53.3659206,6.7741,4,0.0,0.0,0.0,0,75.0,0.75,0.75,300,100.0,1.0,1.0,400,0.0,0.0,0.0,0,0.0,0.0,0.0,0,0.0,0.0,0.0,0,magnitude,magnitude
Aadorp,52.3758825,6.6296026,1,100.0,1.0,1.0,100,0.0,0.0,0.0,0,0.0,0.0,0.0,0,0.0,0.0,0.0,0,0.0,0.0,0.0,0,0.0,0.0,0.0,0,entertainment,entertainment
Aalsmeer,52.2669442,4.7493384,24,4.166666666666667,0.041666666666666664,0.041666666666666664,100,29.166666666666668,0.2916666666666667,0.2916666666666667,700,31.25,0.4583333333333333,0.16666666666666666,750,0.0,0.0,0.0,0,0.0,0.0,0.0,0,14.583333333333334,0.2916666666666667,0.0,350,magnitude,magnitude
Aalst,51.7830377,5.1270132,15,0.0,0.0,0.0,0,13.333333333333334,0.13333333333333333,0.13333333333333333,200,6.666666666666667,0.13333333333333333,0.0,100,0.0,0.0,0.0,0,0.0,0.0,0.0,0,10.0,0.13333333333333333,0.06666666666666667,150,bad_news,bad_news
Aalten,51.9285963,6.5810265,11,18.181818181818183,0.18181818181818182,0.18181818181818182,200,27.272727272727273,0.2727272727272727,0.2727272727272727,300,22.727272727272727,0.36363636363636365,0.09090909090909091,250,36.36363636363637,0.36363636363636365,0.36363636363636365,400,13.636363636363637,0.18181818181818182,0.09090909090909091,150,9.090909090909092,0.18181818181818182,0.0,100,good_news,good_news
Aarle-Rixtel,51.5093107,5.6375541,2,0.0,0.0,0.0,0,0.0,0.0,0.0,0,50.0,0.5,0.5,100,0.0,0.0,0.0,0,0.0,0.0,0.0,0,0.0,0.0,0.0,0,magnitude,magnitude
Aartswoud,52.7427998,4.9497109,1,0.0,0.0,0.0,0,100.0,1.0,1.0,100,50.0,1.0,0.0,50,0.0,0.0,0.0,0,0.0,0.0,0.0,0,50.0,1.0,0.0,50,bad_news,bad_news
Abbenes,52.2342597,4.5913726,5,0.0,0.0,0.0,0,60.0,0.6,0.6,300,30.0,0.6,0.0,150,0.0,0.0,0.0,0,0.0,0.0,0.0,0,30.0,0.6,0.0,150,bad_news,bad_news
Abcoude,52.270281,4.9710427,89,1.1235955056179776,0.011235955056179775,0.011235955056179775,100,58.42696629213483,0.5842696629213483,0.5842696629213483,5200,34.26966292134831,0.6292134831460674,0.056179775280898875,3050,0.0,0.0,0.0,0,0.0,0.0,0.0,0,27.528089887640448,0.550561797752809,0.0,2450,bad_news,bad_news
Achterberg,51.9726942,5.5862984,6,0.0,0.0,0.0,0,16.666666666666668,0.16666666666666666,0.16666666666666666,100,41.666666666666664,0.5,0.3333333333333333,250,0.0,0.0,0.0,0,0.0,0.0,0.0,0,8.333333333333334,0.16666666666666666,0.0,50,magnitude,magnitude
Achtmaal,51.4537245,4.5842818,1,0.0,0.0,0.0,0,0.0,0.0,0.0,0,0.0,0.0,0.0,0,0.0,0.0,0.0,0,0.0,0.0,0.0,0,0.0,0.0,0.0,0,none,none
Acquoy,51.8802989,5.1342796,1,0.0,0.0,0.0,0,0.0,0.0,0.0,0,0.0,0.0,0.0,0,0.0,0.0,0.0,0,0.0,0.0,0.0,0,0.0,0.0,0.0,0,none,none
Aerdt,51.8937415,6.0844773,1,0.0,0.0,0.0,0,100.0,1.0,1.0,100,50.0,1.0,0.0,50,0.0,0.0,0.0,0,0.0,0.0,0.0,0,0.0,0.0,0.0,0,bad_news,bad_news
Akkrum,53.0501248,5.8362304,3,0.0,0.0,0.0,0,66.66666666666667,0.6666666666666666,0.6666666666666666,200,33.333333333333336,0.6666666666666666,0.0,100,0.0,0.0,0.0,0,0.0,0.0,0.0,0,16.666666666666668,0.3333333333333333,0.0,50,bad_news,bad_news
Akmarijp,53.0046898,5.7884469,1,0.0,0.0,0.0,0,0.0,0.0,0.0,0,0.0,0.0,0.0,0,0.0,0.0,0.0,0,0.0,0.0,0.0,0,0.0,0.0,0.0,0,none,none
Albergen,52.3708449,6.7637994,2,0.0,0.0,0.0,0,0.0,0.0,0.0,0,0.0,0.0,0.0,0,0.0,0.0,0.0,0,0.0,0.0,0.0,0,0.0,0.0,0.0,0,none,none
Alblasserdam,51.865799,4.6653953,7,14.285714285714286,0.14285714285714285,0.14285714285714285,100,28.571428571428573,0.2857142857142857,0.2857142857142857,200,14.285714285714286,0.2857142857142857,0.0,100,0.0,0.0,0.0,0,0.0,0.0,0.0,0,42.857142857142854,0.5714285714285714,0.2857142857142857,300,power_elite,power_elite
Aldeboarn,53.0468455,5.8883892,4,0.0,0.0,0.0,0,50.0,0.5,0.5,200,25.0,0.5,0.0,100,0.0,0.0,0.0,0,0.0,0.0,0.0,0,25.0,0.5,0.0,100,bad_news,bad_news
Alkmaar,52.6312592,4.7503798,170,6.470588235294118,0.06470588235294118,0.06470588235294118,1100,24.705882352941178,0.24705882352941178,0.24705882352941178,4200,21.764705882352942,0.3411764705882353,0.09411764705882353,3700,12.941176470588236,0.13529411764705881,0.12352941176470589,2200,1.4705882352941178,0.01764705882352941,0.011764705882352941,250,14.117647058823529,0.2529411764705882,0.029411764705882353,2400,bad_news,bad_news
Almelo,52.3563585,6.6636219,107,5.607476635514018,0.056074766355140186,0.056074766355140186,600,19.626168224299064,0.19626168224299065,0.19626168224299065,2100,16.35514018691589,0.2523364485981308,0.07476635514018691,1750,23.83177570093458,0.24299065420560748,0.2336448598130841,2550,0.0,0.0,0.0,0,15.42056074766355,0.24299065420560748,0.06542056074766354,1650,good_news,good_news
Almere,52.3705038,5.2185859,142,6.338028169014085,0.06338028169014084,0.06338028169014084,900,24.64788732394366,0.24647887323943662,0.24647887323943662,3500,18.309859154929576,0.3028169014084507,0.06338028169014084,2600,6.338028169014085,0.06338028169014084,0.06338028169014084,900,0.352112676056338,0.007042253521126761,0.0,50,13.028169014084508,0.23943661971830985,0.02112676056338028,1850,bad_news,bad_news
Alphen,51.8233464,5.4708078,39,2.5641025641025643,0.02564102564102564,0.02564102564102564,100,56.41025641025641,0.5641025641025641,0.5641025641025641,2200,37.17948717948718,0.6666666666666666,0.07692307692307693,1450,10.256410256410257,0.10256410256410256,0.10256410256410256,400,1.2820512820512822,0.02564102564102564,0.0,50,25.641025641025642,0.48717948717948717,0.02564102564102564,1000,bad_news,bad_news
Altena,53.1323749,6.4749061,4,50.0,0.5,0.5,200,25.0,0.25,0.25,100,25.0,0.5,0.0,100,25.0,0.25,0.25,100,0.0,0.0,0.0,0,12.5,0.25,0.0,50,entertainment,entertainment
America,51.4371483,5.9799001,8,0.0,0.0,0.0,0,62.5,0.625,0.625,500,43.75,0.75,0.125,350,0.0,0.0,0.0,0,12.5,0.125,0.125,100,56.25,0.875,0.25,450,bad_news,bad_news
Amerongen,52.000487,5.4600535,1,0.0,0.0,0.0,0,0.0,0.0,0.0,0,0.0,0.0,0.0,0,0.0,0.0,0.0,0,0.0,0.0,0.0,0,0.0,0.0,0.0,0,none,none
Amersfoort,52.1562499,5.3896944,112,3.5714285714285716,0.03571428571428571,0.03571428571428571,400,27.678571428571427,0.2767857142857143,0.2767857142857143,3100,16.517857142857142,0.30357142857142855,0.026785714285714284,1850,7.142857142857143,0.07142857142857142,0.07142857142857142,800,0.8928571428571429,0.008928571428571428,0.008928571428571428,100,12.053571428571429,0.24107142857142858,0.0,1350,bad_news,bad_news
Amstelveen,52.3028209,4.8596844,57,10.526315789473685,0.10526315789473684,0.10526315789473684,600,15.789473684210526,0.15789473684210525,0.15789473684210525,900,21.05263157894737,0.2982456140350877,0.12280701754385964,1200,24.56140350877193,0.24561403508771928,0.24561403508771928,1400,7.017543859649122,0.07017543859649122,0.07017543859649122,400,9.649122807017545,0.17543859649122806,0.017543859649122806,550,good_news,good_news
Amsterdam,52.3730796,4.8924534,2335,16.573875802997858,0.16616702355460386,0.16531049250535332,38700,28.008565310492504,0.28008565310492506,0.28008565310492506,65400,19.93576017130621,0.3576017130620985,0.041113490364025694,46550,11.156316916488223,0.1139186295503212,0.10920770877944326,26050,6.167023554603855,0.0702355460385439,0.05310492505353319,14400,15.974304068522484,0.2907922912205567,0.028693790149892935,37300,bad_news,bad_news
Andel,51.7836518,5.0539136,1,100.0,1.0,1.0,100,0.0,0.0,0.0,0,0.0,0.0,0.0,0,0.0,0.0,0.0,0,0.0,0.0,0.0,0,0.0,0.0,0.0,0,entertainment,entertainment
Andelst,51.9073627,5.7289373,2,0.0,0.0,0.0,0,50.0,0.5,0.5,100,25.0,0.5,0.0,50,0.0,0.0,0.0,0,0.0,0.0,0.0,0,25.0,0.5,0.0,50,bad_news,bad_news
Andijk,52.7467338,5.2217929,2,0.0,0.0,0.0,0,0.0,0.0,0.0,0,0.0,0.0,0.0,0,0.0,0.0,0.0,0,0.0,0.0,0.0,0,0.0,0.0,0.0,0,none,none
Ane,52.6139362,6.6516811,2,0.0,0.0,0.0,0,100.0,1.0,1.0,200,50.0,1.0,0.0,100,0.0,0.0,0.0,0,0.0,0.0,0.0,0,25.0,0.5,0.0,50,bad_news,bad_news
Angerlo,51.995328,6.137023,3,0.0,0.0,0.0,0,100.0,1.0,1.0,300,50.0,1.0,0.0,150,0.0,0.0,0.0,0,0.0,0.0,0.0,0,16.666666666666668,0.3333333333333333,0.0,50,bad_news,bad_news
Ankum,52.5214404,6.2440941,23,0.0,0.0,0.0,0,0.0,0.0,0.0,0,0.0,0.0,0.0,0,0.0,0.0,0.0,0,0.0,0.0,0.0,0,0.0,0.0,0.0,0,none,none
Apeldoorn,52.2156457,5.9639485,211,17.53554502369668,0.1848341232227488,0.16587677725118483,3700,18.95734597156398,0.1895734597156398,0.1895734597156398,4000,18.72037914691943,0.3127962085308057,0.061611374407582936,3950,34.360189573459714,0.3459715639810427,0.3412322274881517,7250,0.9478672985781991,0.018957345971563982,0.0,200,10.90047393364929,0.1848341232227488,0.03317535545023697,2300,good_news,good_news
Appelscha,52.9524178,6.3441136,3,0.0,0.0,0.0,0,33.333333333333336,0.3333333333333333,0.3333333333333333,100,16.666666666666668,0.3333333333333333,0.0,50,0.0,0.0,0.0,0,0.0,0.0,0.0,0,0.0,0.0,0.0,0,bad_news,bad_news
Appingedam,53.3203563,6.8577654,8,0.0,0.0,0.0,0,62.5,0.625,0.625,500,62.5,0.75,0.5,500,0.0,0.0,0.0,0,0.0,0.0,0.0,0,12.5,0.25,0.0,100,magnitude,magnitude
Arcen,51.476261,6.1785077,2,0.0,0.0,0.0,0,0.0,0.0,0.0,0,100.0,1.0,1.0,200,0.0,0.0,0.0,0,0.0,0.0,0.0,0,0.0,0.0,0.0,0,magnitude,magnitude
Arkel,51.8634805,4.993608,9,0.0,0.0,0.0,0,77.77777777777777,0.7777777777777778,0.7777777777777778,700,38.888888888888886,0.7777777777777778,0.0,350,0.0,0.0,0.0,0,0.0,0.0,0.0,0,22.22222222222222,0.4444444444444444,0.0,200,bad_news,bad_news
Arnemuiden,51.5000009,3.6762457,1,100.0,1.0,1.0,100,0.0,0.0,0.0,0,0.0,0.0,0.0,0,100.0,1.0,1.0,100,50.0,1.0,0.0,50,0.0,0.0,0.0,0,entertainment,entertainment
Arnhem,51.984257,5.9108573,390,12.179487179487179,0.12307692307692308,0.12051282051282051,4750,30.76923076923077,0.3076923076923077,0.3076923076923077,12000,27.435897435897434,0.45384615384615384,0.09487179487179487,10700,11.794871794871796,0.11794871794871795,0.11794871794871795,4600,2.6923076923076925,0.03333333333333333,0.020512820512820513,1050,15.0,0.2794871794871795,0.020512820512820513,5850,bad_news,bad_news
Arum,53.1300655,5.4757726,1,0.0,0.0,0.0,0,100.0,1.0,1.0,100,50.0,1.0,0.0,50,0.0,0.0,0.0,0,100.0,1.0,1.0,100,0.0,0.0,0.0,0,bad_news,bad_news
Asch,51.9304301,5.3127288,1,0.0,0.0,0.0,0,0.0,0.0,0.0,0,0.0,0.0,0.0,0,0.0,0.0,0.0,0,0.0,0.0,0.0,0,100.0,1.0,1.0,100,power_elite,power_elite
Assen,52.9952273,6.560498,102,5.882352941176471,0.058823529411764705,0.058823529411764705,600,43.13725490196079,0.43137254901960786,0.43137254901960786,4400,24.019607843137255,0.46078431372549017,0.0196078431372549,2450,2.9411764705882355,0.029411764705882353,0.029411764705882353,300,0.9803921568627451,0.0196078431372549,0.0,100,22.058823529411764,0.4117647058823529,0.029411764705882353,2250,bad_news,bad_news
Asten,51.404091,5.7458688,5,0.0,0.0,0.0,0,0.0,0.0,0.0,0,0.0,0.0,0.0,0,0.0,0.0,0.0,0,0.0,0.0,0.0,0,0.0,0.0,0.0,0,none,none
Austerlitz,52.078001,5.3160068,4,0.0,0.0,0.0,0,50.0,0.5,0.5,200,25.0,0.5,0.0,100,25.0,0.25,0.25,100,0.0,0.0,0.0,0,25.0,0.5,0.0,100,bad_news,bad_news
Axel,51.2673945,3.9071593,2,0.0,0.0,0.0,0,0.0,0.0,0.0,0,0.0,0.0,0.0,0,0.0,0.0,0.0,0,0.0,0.0,0.0,0,0.0,0.0,0.0,0,none,none
Baak,52.0767538,6.2253899,1,100.0,1.0,1.0,100,0.0,0.0,0.0,0,0.0,0.0,0.0,0,0.0,0.0,0.0,0,0.0,0.0,0.0,0,0.0,0.0,0.0,0,entertainment,entertainment
Baambrugge,52.2475895,4.990877,1,0.0,0.0,0.0,0,0.0,0.0,0.0,0,100.0,1.0,1.0,100,0.0,0.0,0.0,0,0.0,0.0,0.0,0,0.0,0.0,0.0,0,magnitude,magnitude
Baarn,52.2111182,5.2931841,13,15.384615384615385,0.15384615384615385,0.15384615384615385,200,30.76923076923077,0.3076923076923077,0.3076923076923077,400,15.384615384615385,0.3076923076923077,0.0,200,15.384615384615385,0.15384615384615385,0.15384615384615385,200,7.6923076923076925,0.07692307692307693,0.07692307692307693,100,15.384615384615385,0.3076923076923077,0.0,200,bad_news,bad_news
Baarschot,51.4583983,5.1870449,1,0.0,0.0,0.0,0,0.0,0.0,0.0,0,0.0,0.0,0.0,0,0.0,0.0,0.0,0,0.0,0.0,0.0,0,0.0,0.0,0.0,0,none,none
Babberich,51.9069333,6.111876,1,0.0,0.0,0.0,0,0.0,0.0,0.0,0,0.0,0.0,0.0,0,0.0,0.0,0.0,0,0.0,0.0,0.0,0,0.0,0.0,0.0,0,none,none
Badhoevedorp,52.3388803,4.7844704,18,16.666666666666668,0.16666666666666666,0.16666666666666666,300,38.888888888888886,0.3888888888888889,0.3888888888888889,700,30.555555555555557,0.5,0.1111111111111111,550,5.555555555555555,0.05555555555555555,0.05555555555555555,100,16.666666666666668,0.16666666666666666,0.16666666666666666,300,13.88888888888889,0.16666666666666666,0.1111111111111111,250,bad_news,bad_news
Bakkum,52.5657651,4.6547672,2,50.0,0.5,0.5,100,0.0,0.0,0.0,0,0.0,0.0,0.0,0,0.0,0.0,0.0,0,0.0,0.0,0.0,0,0.0,0.0,0.0,0,entertainment,entertainment
Balk,52.8989296,5.5830455,1,0.0,0.0,0.0,0,0.0,0.0,0.0,0,0.0,0.0,0.0,0,100.0,1.0,1.0,100,0.0,0.0,0.0,0,0.0,0.0,0.0,0,good_news,good_news
Balkbrug,52.5994353,6.3929761,2,0.0,0.0,0.0,0,0.0,0.0,0.0,0,0.0,0.0,0.0,0,0.0,0.0,0.0,0,0.0,0.0,0.0,0,0.0,0.0,0.0,0,none,none
Bantega,52.8428171,5.7974895,4,25.0,0.25,0.25,100,50.0,0.5,0.5,200,25.0,0.5,0.0,100,0.0,0.0,0.0,0,25.0,0.25,0.25,100,25.0,0.5,0.0,100,bad_news,bad_news
Barchem,52.1253892,6.4437256,1,0.0,0.0,0.0,0,0.0,0.0,0.0,0,0.0,0.0,0.0,0,0.0,0.0,0.0,0,0.0,0.0,0.0,0,0.0,0.0,0.0,0,none,none
Barendrecht,51.8566651,4.5368567,37,2.7027027027027026,0.02702702702702703,0.02702702702702703,100,40.54054054054054,0.40540540540540543,0.40540540540540543,1500,22.972972972972972,0.40540540540540543,0.05405405405405406,850,0.0,0.0,0.0,0,0.0,0.0,0.0,0,13.513513513513514,0.2702702702702703,0.0,500,bad_news,bad_news
Barneveld,52.1397035,5.5869635,95,42.10526315789474,0.42105263157894735,0.42105263157894735,4000,34.73684210526316,0.3473684210526316,0.3473684210526316,3300,25.263157894736842,0.4842105263157895,0.021052631578947368,2400,8.947368421052632,0.09473684210526316,0.08421052631578947,850,3.6842105263157894,0.06315789473684211,0.010526315789473684,350,24.210526315789473,0.42105263157894735,0.06315789473684211,2300,entertainment,entertainment
Batenburg,51.8232774,5.6290992,14,0.0,0.0,0.0,0,7.142857142857143,0.07142857142857142,0.07142857142857142,100,17.857142857142858,0.21428571428571427,0.14285714285714285,250,7.142857142857143,0.07142857142857142,0.07142857142857142,100,0.0,0.0,0.0,0,10.714285714285714,0.14285714285714285,0.07142857142857142,150,magnitude,magnitude
Bathmen,52.2501611,6.2844941,2,0.0,0.0,0.0,0,0.0,0.0,0.0,0,0.0,0.0,0.0,0,0.0,0.0,0.0,0,0.0,0.0,0.0,0,0.0,0.0,0.0,0,none,none
Bavel,51.5656819,4.8296995,2,0.0,0.0,0.0,0,50.0,0.5,0.5,100,25.0,0.5,0.0,50,0.0,0.0,0.0,0,0.0,0.0,0.0,0,0.0,0.0,0.0,0,bad_news,bad_news
Bedum,53.3003141,6.5961866,2,0.0,0.0,0.0,0,50.0,0.5,0.5,100,25.0,0.5,0.0,50,0.0,0.0,0.0,0,0.0,0.0,0.0,0,0.0,0.0,0.0,0,bad_news,bad_news
Beek,50.9413527,5.7977204,7,0.0,0.0,0.0,0,14.285714285714286,0.14285714285714285,0.14285714285714285,100,7.142857142857143,0.14285714285714285,0.0,50,0.0,0.0,0.0,0,0.0,0.0,0.0,0,7.142857142857143,0.14285714285714285,0.0,50,bad_news,bad_news
Beerta,53.1746385,7.0970942,23,0.0,0.0,0.0,0,69.56521739130434,0.6956521739130435,0.6956521739130435,1600,34.78260869565217,0.6956521739130435,0.0,800,8.695652173913043,0.08695652173913043,0.08695652173913043,200,0.0,0.0,0.0,0,32.608695652173914,0.6521739130434783,0.0,750,bad_news,bad_news
Beesd,51.884089,5.1916361,1,0.0,0.0,0.0,0,0.0,0.0,0.0,0,0.0,0.0,0.0,0,0.0,0.0,0.0,0,0.0,0.0,0.0,0,0.0,0.0,0.0,0,none,none
Beinsdorp,52.2865938,4.5949361,3,0.0,0.0,0.0,0,100.0,1.0,1.0,300,50.0,1.0,0.0,150,0.0,0.0,0.0,0,0.0,0.0,0.0,0,50.0,1.0,0.0,150,bad_news,bad_news
Belfeld,51.310963,6.1128183,5,0.0,0.0,0.0,0,100.0,1.0,1.0,500,50.0,1.0,0.0,250,0.0,0.0,0.0,0,0.0,0.0,0.0,0,30.0,0.6,0.0,150,bad_news,bad_news
Bemmel,51.8915382,5.8984809,4,25.0,0.25,0.25,100,50.0,0.5,0.5,200,25.0,0.5,0.0,100,0.0,0.0,0.0,0,12.5,0.25,0.0,50,25.0,0.5,0.0,100,bad_news,bad_news
Bennekom,51.9980005,5.6759233,4,0.0,0.0,0.0,0,50.0,0.5,0.5,200,25.0,0.5,0.0,100,25.0,0.25,0.25,100,0.0,0.0,0.0,0,25.0,0.5,0.0,100,bad_news,bad_news
Benschop,52.0090111,4.978901,9,11.11111111111111,0.1111111111111111,0.1111111111111111,100,0.0,0.0,0.0,0,11.11111111111111,0.1111111111111111,0.1111111111111111,100,22.22222222222222,0.2222222222222222,0.2222222222222222,200,0.0,0.0,0.0,0,22.22222222222222,0.2222222222222222,0.2222222222222222,200,good_news,good_news
Bentelo,52.2264165,6.6835984,2,0.0,0.0,0.0,0,50.0,0.5,0.5,100,0.0,0.0,0.0,0,0.0,0.0,0.0,0,0.0,0.0,0.0,0,0.0,0.0,0.0,0,bad_news,bad_news
Bentveld,52.3657705,4.5705619,4,75.0,0.75,0.75,300,0.0,0.0,0.0,0,12.5,0.25,0.0,50,25.0,0.25,0.25,100,0.0,0.0,0.0,0,0.0,0.0,0.0,0,entertainment,entertainment
Bergeijk,51.3211501,5.3569427,7,0.0,0.0,0.0,0,85.71428571428571,0.8571428571428571,0.8571428571428571,600,42.857142857142854,0.8571428571428571,0.0,300,0.0,0.0,0.0,0,0.0,0.0,0.0,0,42.857142857142854,0.8571428571428571,0.0,300,bad_news,bad_news
Bergen,51.6012568,6.0469005,52,7.6923076923076925,0.07692307692307693,0.07692307692307693,400,23.076923076923077,0.23076923076923078,0.23076923076923078,1200,13.461538461538462,0.25,0.019230769230769232,700,13.461538461538462,0.1346153846153846,0.1346153846153846,700,1.9230769230769231,0.019230769230769232,0.019230769230769232,100,16.346153846153847,0.2692307692307692,0.057692307692307696,850,bad_news,bad_news
Bergen op Zoom,51.4944756,4.2871541,3,0.0,0.0,0.0,0,0.0,0.0,0.0,0,0.0,0.0,0.0,0,0.0,0.0,0.0,0,0.0,0.0,0.0,0,0.0,0.0,0.0,0,none,none
Bergentheim,52.527161,6.6173647,10,10.0,0.1,0.1,100,20.0,0.2,0.2,200,25.0,0.4,0.1,250,10.0,0.1,0.1,100,0.0,0.0,0.0,0,55.0,0.7,0.4,550,power_elite,power_elite
Berghem,51.7709604,5.5721927,2,0.0,0.0,0.0,0,50.0,0.5,0.5,100,25.0,0.5,0.0,50,0.0,0.0,0.0,0,0.0,0.0,0.0,0,25.0,0.5,0.0,50,bad_news,bad_news
Bergschenhoek,51.98934,4.5016775,1,0.0,0.0,0.0,0,0.0,0.0,0.0,0,0.0,0.0,0.0,0,0.0,0.0,0.0,0,0.0,0.0,0.0,0,0.0,0.0,0.0,0,none,none
Berkel-Enschot,51.5854521,5.1422542,1,0.0,0.0,0.0,0,100.0,1.0,1.0,100,50.0,1.0,0.0,50,0.0,0.0,0.0,0,0.0,0.0,0.0,0,50.0,1.0,0.0,50,bad_news,bad_news
Berkenwoude,51.9452551,4.7084018,1,0.0,0.0,0.0,0,0.0,0.0,0.0,0,0.0,0.0,0.0,0,0.0,0.0,0.0,0,0.0,0.0,0.0,0,0.0,0.0,0.0,0,none,none
Berlicum,51.6783377,5.3991284,16,0.0,0.0,0.0,0,56.25,0.5625,0.5625,900,28.125,0.5625,0.0,450,6.25,0.0625,0.0625,100,0.0,0.0,0.0,0,21.875,0.4375,0.0,350,bad_news,bad_news
Best,51.5033671,5.3938665,16,0.0,0.0,0.0,0,68.75,0.6875,0.6875,1100,34.375,0.6875,0.0,550,0.0,0.0,0.0,0,0.0,0.0,0.0,0,31.25,0.625,0.0,500,bad_news,bad_news
Beuningen,51.8586611,5.767357,7,14.285714285714286,0.14285714285714285,0.14285714285714285,100,42.857142857142854,0.42857142857142855,0.42857142857142855,300,21.428571428571427,0.42857142857142855,0.0,150,0.0,0.0,0.0,0,0.0,0.0,0.0,0,21.428571428571427,0.42857142857142855,0.0,150,bad_news,bad_news
Beusichem,51.9486044,5.2923487,1,100.0,1.0,1.0,100,0.0,0.0,0.0,0,0.0,0.0,0.0,0,50.0,1.0,0.0,50,50.0,1.0,0.0,50,0.0,0.0,0.0,0,entertainment,entertainment
Beverwijk,52.4857561,4.6578632,88,1.1363636363636365,0.011363636363636364,0.011363636363636364,100,60.22727272727273,0.6022727272727273,0.6022727272727273,5300,32.38636363636363,0.625,0.022727272727272728,2850,3.409090909090909,0.03409090909090909,0.03409090909090909,300,0.0,0.0,0.0,0,27.272727272727273,0.5454545454545454,0.0,2400,bad_news,bad_news
Biddinghuizen,52.4552216,5.6921598,14,21.428571428571427,0.21428571428571427,0.21428571428571427,300,21.428571428571427,0.21428571428571427,0.21428571428571427,300,14.285714285714286,0.2857142857142857,0.0,200,0.0,0.0,0.0,0,0.0,0.0,0.0,0,10.714285714285714,0.21428571428571427,0.0,150,entertainment,entertainment
Biest-Houtakker,51.5077884,5.1579564,3,0.0,0.0,0.0,0,0.0,0.0,0.0,0,0.0,0.0,0.0,0,33.333333333333336,0.3333333333333333,0.3333333333333333,100,0.0,0.0,0.0,0,0.0,0.0,0.0,0,good_news,good_news
Biezenmortel,51.6238393,5.1784928,2,0.0,0.0,0.0,0,0.0,0.0,0.0,0,0.0,0.0,0.0,0,0.0,0.0,0.0,0,0.0,0.0,0.0,0,0.0,0.0,0.0,0,none,none
Biggekerke,51.4993073,3.5258851,1,0.0,0.0,0.0,0,100.0,1.0,1.0,100,50.0,1.0,0.0,50,0.0,0.0,0.0,0,0.0,0.0,0.0,0,50.0,1.0,0.0,50,bad_news,bad_news
Bilthoven,52.1289693,5.2046134,20,0.0,0.0,0.0,0,25.0,0.25,0.25,500,32.5,0.45,0.2,650,15.0,0.15,0.15,300,0.0,0.0,0.0,0,12.5,0.25,0.0,250,magnitude,magnitude
Bladel,51.3667765,5.2154317,5,0.0,0.0,0.0,0,20.0,0.2,0.2,100,30.0,0.4,0.2,150,0.0,0.0,0.0,0,0.0,0.0,0.0,0,10.0,0.2,0.0,50,magnitude,magnitude
Blaricum,52.2725049,5.2441379,5,0.0,0.0,0.0,0,20.0,0.2,0.2,100,20.0,0.2,0.2,100,0.0,0.0,0.0,0,0.0,0.0,0.0,0,0.0,0.0,0.0,0,bad_news,bad_news
Blauwhuis,53.0229532,5.5325947,4,0.0,0.0,0.0,0,50.0,0.5,0.5,200,25.0,0.5,0.0,100,0.0,0.0,0.0,0,0.0,0.0,0.0,0,25.0,0.5,0.0,100,bad_news,bad_news
Bloemendaal,52.4036594,4.6197687,16,6.25,0.0625,0.0625,100,18.75,0.1875,0.1875,300,28.125,0.3125,0.25,450,18.75,0.1875,0.1875,300,0.0,0.0,0.0,0,15.625,0.1875,0.125,250,magnitude,magnitude
Blokker,52.6614748,5.0899695,9,0.0,0.0,0.0,0,11.11111111111111,0.1111111111111111,0.1111111111111111,100,22.22222222222222,0.2222222222222222,0.2222222222222222,200,11.11111111111111,0.1111111111111111,0.1111111111111111,100,0.0,0.0,0.0,0,0.0,0.0,0.0,0,magnitude,magnitude
Blokzijl,52.7261494,5.9614191,8,0.0,0.0,0.0,0,75.0,0.75,0.75,600,37.5,0.75,0.0,300,12.5,0.125,0.125,100,0.0,0.0,0.0,0,37.5,0.75,0.0,300,bad_news,bad_news
Bocholtz,50.8184796,6.0065275,2,50.0,0.5,0.5,100,0.0,0.0,0.0,0,0.0,0.0,0.0,0,100.0,1.0,1.0,200,0.0,0.0,0.0,0,50.0,0.5,0.5,100,good_news,good_news
Bodegraven,52.0834347,4.7510872,12,8.333333333333334,0.08333333333333333,0.08333333333333333,100,50.0,0.5,0.5,600,25.0,0.5,0.0,300,0.0,0.0,0.0,0,0.0,0.0,0.0,0,25.0,0.5,0.0,300,bad_news,bad_news
Boekel,51.6029009,5.6726793,4,0.0,0.0,0.0,0,50.0,0.5,0.5,200,25.0,0.5,0.0,100,25.0,0.25,0.25,100,0.0,0.0,0.0,0,25.0,0.5,0.0,100,bad_news,bad_news
Boer,53.2150951,5.5648948,5,20.0,0.2,0.2,100,40.0,0.4,0.4,200,20.0,0.4,0.0,100,20.0,0.2,0.2,100,0.0,0.0,0.0,0,20.0,0.4,0.0,100,bad_news,bad_news
Bolsward,53.0620178,5.5228964,2,0.0,0.0,0.0,0,100.0,1.0,1.0,200,50.0,1.0,0.0,100,0.0,0.0,0.0,0,0.0,0.0,0.0,0,0.0,0.0,0.0,0,bad_news,bad_news
Borculo,52.114854,6.5180361,9,0.0,0.0,0.0,0,77.77777777777777,0.7777777777777778,0.7777777777777778,700,38.888888888888886,0.7777777777777778,0.0,350,11.11111111111111,0.1111111111111111,0.1111111111111111,100,0.0,0.0,0.0,0,33.333333333333336,0.6666666666666666,0.0,300,bad_news,bad_news
Borgharen,50.8786076,5.6883533,2,0.0,0.0,0.0,0,100.0,1.0,1.0,200,50.0,1.0,0.0,100,0.0,0.0,0.0,0,0.0,0.0,0.0,0,0.0,0.0,0.0,0,bad_news,bad_news
Borgsweer,53.2982809,7.0148694,1,0.0,0.0,0.0,0,100.0,1.0,1.0,100,50.0,1.0,0.0,50,0.0,0.0,0.0,0,0.0,0.0,0.0,0,50.0,1.0,0.0,50,bad_news,bad_news
Born,51.033889,5.8098471,7,57.142857142857146,0.5714285714285714,0.5714285714285714,400,0.0,0.0,0.0,0,28.571428571428573,0.42857142857142855,0.14285714285714285,200,42.857142857142854,0.42857142857142855,0.42857142857142855,300,57.142857142857146,0.5714285714285714,0.5714285714285714,400,28.571428571428573,0.2857142857142857,0.2857142857142857,200,entertainment,entertainment
Borne,52.3018287,6.7502395,15,26.666666666666668,0.26666666666666666,0.26666666666666666,400,20.0,0.2,0.2,300,13.333333333333334,0.26666666666666666,0.0,200,40.0,0.4,0.4,600,3.3333333333333335,0.06666666666666667,0.0,50,10.0,0.2,0.0,150,good_news,good_news
Bornerbroek,52.3084978,6.6553464,3,33.333333333333336,0.3333333333333333,0.3333333333333333,100,0.0,0.0,0.0,0,0.0,0.0,0.0,0,33.333333333333336,0.3333333333333333,0.3333333333333333,100,0.0,0.0,0.0,0,0.0,0.0,0.0,0,entertainment,entertainment
Borssele,51.4254902,3.7379392,15,0.0,0.0,0.0,0,13.333333333333334,0.13333333333333333,0.13333333333333333,200,6.666666666666667,0.13333333333333333,0.0,100,0.0,0.0,0.0,0,0.0,0.0,0.0,0,6.666666666666667,0.13333333333333333,0.0,100,bad_news,bad_news
Boskamp,52.3309909,6.1299104,1,0.0,0.0,0.0,0,0.0,0.0,0.0,0,0.0,0.0,0.0,0,0.0,0.0,0.0,0,0.0,0.0,0.0,0,0.0,0.0,0.0,0,none,none
Boskoop,52.0742348,4.6631166,1,100.0,1.0,1.0,100,0.0,0.0,0.0,0,0.0,0.0,0.0,0,0.0,0.0,0.0,0,0.0,0.0,0.0,0,0.0,0.0,0.0,0,entertainment,entertainment
Bovenkarspel,52.6988258,5.2497934,1,0.0,0.0,0.0,0,0.0,0.0,0.0,0,0.0,0.0,0.0,0,0.0,0.0,0.0,0,0.0,0.0,0.0,0,0.0,0.0,0.0,0,none,none
Boxmeer,51.6486483,5.9450972,10,0.0,0.0,0.0,0,40.0,0.4,0.4,400,20.0,0.4,0.0,200,0.0,0.0,0.0,0,0.0,0.0,0.0,0,20.0,0.4,0.0,200,bad_news,bad_news
Boxtel,51.5883055,5.3247837,21,0.0,0.0,0.0,0,42.857142857142854,0.42857142857142855,0.42857142857142855,900,26.19047619047619,0.47619047619047616,0.047619047619047616,550,4.761904761904762,0.047619047619047616,0.047619047619047616,100,0.0,0.0,0.0,0,19.047619047619047,0.38095238095238093,0.0,400,bad_news,bad_news
Brakel,51.8172979,5.0914074,3,33.333333333333336,0.3333333333333333,0.3333333333333333,100,0.0,0.0,0.0,0,0.0,0.0,0.0,0,66.66666666666667,0.6666666666666666,0.6666666666666666,200,33.333333333333336,0.6666666666666666,0.0,100,16.666666666666668,0.3333333333333333,0.0,50,good_news,good_news
Breda,51.5887845,4.7760237,281,7.829181494661921,0.07829181494661921,0.07829181494661921,2200,32.74021352313167,0.3274021352313167,0.3274021352313167,9200,22.06405693950178,0.38434163701067614,0.05693950177935943,6200,5.516014234875445,0.05693950177935943,0.05338078291814947,1550,0.35587188612099646,0.0071174377224199285,0.0,100,16.01423487544484,0.302491103202847,0.017793594306049824,4500,bad_news,bad_news
Breedenbroek,51.8730662,6.4723596,1,0.0,0.0,0.0,0,0.0,0.0,0.0,0,0.0,0.0,0.0,0,0.0,0.0,0.0,0,0.0,0.0,0.0,0,0.0,0.0,0.0,0,none,none
Breezand,52.8884022,4.8029941,2,0.0,0.0,0.0,0,0.0,0.0,0.0,0,0.0,0.0,0.0,0,0.0,0.0,0.0,0,0.0,0.0,0.0,0,0.0,0.0,0.0,0,none,none
Breskens,51.3957804,3.5551696,7,0.0,0.0,0.0,0,28.571428571428573,0.2857142857142857,0.2857142857142857,200,28.571428571428573,0.42857142857142855,0.14285714285714285,200,0.0,0.0,0.0,0,0.0,0.0,0.0,0,28.571428571428573,0.42857142857142855,0.14285714285714285,200,magnitude,magnitude
Breukelen,52.171959,5.002675,8,0.0,0.0,0.0,0,0.0,0.0,0.0,0,0.0,0.0,0.0,0,0.0,0.0,0.0,0,0.0,0.0,0.0,0,0.0,0.0,0.0,0,none,none
Brielle,51.901662,4.1626292,4,0.0,0.0,0.0,0,100.0,1.0,1.0,400,50.0,1.0,0.0,200,0.0,0.0,0.0,0,0.0,0.0,0.0,0,25.0,0.5,0.0,100,bad_news,bad_news
Broekhuizen,51.4877108,6.1631772,1,0.0,0.0,0.0,0,0.0,0.0,0.0,0,0.0,0.0,0.0,0,0.0,0.0,0.0,0,0.0,0.0,0.0,0,0.0,0.0,0.0,0,none,none
Broekhuizenvorst,51.4958387,6.1566406,1,0.0,0.0,0.0,0,100.0,1.0,1.0,100,50.0,1.0,0.0,50,0.0,0.0,0.0,0,0.0,0.0,0.0,0,50.0,1.0,0.0,50,bad_news,bad_news
Bronkhorst,52.0761252,6.1790966,5,20.0,0.2,0.2,100,60.0,0.6,0.6,300,50.0,0.8,0.2,250,30.0,0.4,0.2,150,10.0,0.2,0.0,50,30.0,0.6,0.0,150,bad_news,bad_news
Brouwershaven,51.7256011,3.9125451,2,0.0,0.0,0.0,0,50.0,0.5,0.5,100,25.0,0.5,0.0,50,0.0,0.0,0.0,0,0.0,0.0,0.0,0,25.0,0.5,0.0,50,bad_news,bad_news
Bruchterveld,52.53027,6.6614936,1,0.0,0.0,0.0,0,0.0,0.0,0.0,0,0.0,0.0,0.0,0,0.0,0.0,0.0,0,0.0,0.0,0.0,0,0.0,0.0,0.0,0,none,none
Brummen,52.087327,6.1568633,3,0.0,0.0,0.0,0,0.0,0.0,0.0,0,0.0,0.0,0.0,0,0.0,0.0,0.0,0,0.0,0.0,0.0,0,0.0,0.0,0.0,0,none,none
Brunssum,50.9431108,5.9705675,4,0.0,0.0,0.0,0,0.0,0.0,0.0,0,0.0,0.0,0.0,0,0.0,0.0,0.0,0,0.0,0.0,0.0,0,0.0,0.0,0.0,0,none,none
Buchten,51.0421576,5.8108175,1,0.0,0.0,0.0,0,100.0,1.0,1.0,100,50.0,1.0,0.0,50,0.0,0.0,0.0,0,0.0,0.0,0.0,0,50.0,1.0,0.0,50,bad_news,bad_news
Budel,51.2744706,5.5744905,6,0.0,0.0,0.0,0,16.666666666666668,0.16666666666666666,0.16666666666666666,100,8.333333333333334,0.16666666666666666,0.0,50,0.0,0.0,0.0,0,0.0,0.0,0.0,0,8.333333333333334,0.16666666666666666,0.0,50,bad_news,bad_news
Buitenpost,53.2540348,6.1442343,4,0.0,0.0,0.0,0,75.0,0.75,0.75,300,37.5,0.75,0.0,150,0.0,0.0,0.0,0,0.0,0.0,0.0,0,0.0,0.0,0.0,0,bad_news,bad_news
Bunde,50.8974116,5.7325399,7,0.0,0.0,0.0,0,85.71428571428571,0.8571428571428571,0.8571428571428571,600,42.857142857142854,0.8571428571428571,0.0,300,0.0,0.0,0.0,0,0.0,0.0,0.0,0,42.857142857142854,0.8571428571428571,0.0,300,bad_news,bad_news
Bunnik,52.0663713,5.1940676,31,3.225806451612903,0.03225806451612903,0.03225806451612903,100,35.483870967741936,0.3548387096774194,0.3548387096774194,1100,20.967741935483872,0.3870967741935484,0.03225806451612903,650,0.0,0.0,0.0,0,0.0,0.0,0.0,0,14.516129032258064,0.2903225806451613,0.0,450,bad_news,bad_news
Bunschoten-Spakenburg,52.2452013,5.3731599,1,0.0,0.0,0.0,0,0.0,0.0,0.0,0,0.0,0.0,0.0,0,0.0,0.0,0.0,0,0.0,0.0,0.0,0,0.0,0.0,0.0,0,none,none
Buren,53.4471324,5.7967586,20,5.0,0.05,0.05,100,45.0,0.45,0.45,900,22.5,0.4,0.05,450,5.0,0.05,0.05,100,0.0,0.0,0.0,0,17.5,0.35,0.0,350,bad_news,bad_news
Burgerveen,52.240088,4.6809717,1,0.0,0.0,0.0,0,0.0,0.0,0.0,0,0.0,0.0,0.0,0,0.0,0.0,0.0,0,0.0,0.0,0.0,0,0.0,0.0,0.0,0,none,none
Burgum,53.1954807,5.9871063,3,0.0,0.0,0.0,0,0.0,0.0,0.0,0,0.0,0.0,0.0,0,0.0,0.0,0.0,0,0.0,0.0,0.0,0,0.0,0.0,0.0,0,none,none
Bussum,52.2773656,5.1630646,7,14.285714285714286,0.14285714285714285,0.14285714285714285,100,57.142857142857146,0.5714285714285714,0.5714285714285714,400,28.571428571428573,0.5714285714285714,0.0,200,14.285714285714286,0.14285714285714285,0.14285714285714285,100,0.0,0.0,0.0,0,7.142857142857143,0.14285714285714285,0.0,50,bad_news,bad_news
Cadzand,51.3685463,3.4089972,1,0.0,0.0,0.0,0,0.0,0.0,0.0,0,0.0,0.0,0.0,0,0.0,0.0,0.0,0,0.0,0.0,0.0,0,0.0,0.0,0.0,0,none,none
Cadzand-Bad,51.3771811,3.388391,1,0.0,0.0,0.0,0,0.0,0.0,0.0,0,100.0,1.0,1.0,100,0.0,0.0,0.0,0,0.0,0.0,0.0,0,100.0,1.0,1.0,100,magnitude,magnitude
Callantsoog,52.836343,4.697128,1,0.0,0.0,0.0,0,100.0,1.0,1.0,100,50.0,1.0,0.0,50,0.0,0.0,0.0,0,0.0,0.0,0.0,0,50.0,1.0,0.0,50,bad_news,bad_news
Castricum,52.5496739,4.6696185,17,5.882352941176471,0.058823529411764705,0.058823529411764705,100,52.94117647058823,0.5294117647058824,0.5294117647058824,900,26.470588235294116,0.5294117647058824,0.0,450,11.764705882352942,0.11764705882352941,0.11764705882352941,200,0.0,0.0,0.0,0,14.705882352941176,0.29411764705882354,0.0,250,bad_news,bad_news
Chaam,51.5052547,4.8611725,3,33.333333333333336,0.3333333333333333,0.3333333333333333,100,33.333333333333336,0.3333333333333333,0.3333333333333333,100,16.666666666666668,0.3333333333333333,0.0,50,0.0,0.0,0.0,0,0.0,0.0,0.0,0,16.666666666666668,0.3333333333333333,0.0,50,entertainment,entertainment
Clinge,51.2687822,4.0892686,1,0.0,0.0,0.0,0,100.0,1.0,1.0,100,50.0,1.0,0.0,50,0.0,0.0,0.0,0,0.0,0.0,0.0,0,50.0,1.0,0.0,50,bad_news,bad_news
Coevorden,52.6612281,6.7407359,7,0.0,0.0,0.0,0,100.0,1.0,1.0,700,50.0,1.0,0.0,350,0.0,0.0,0.0,0,0.0,0.0,0.0,0,21.428571428571427,0.42857142857142855,0.0,150,bad_news,bad_news
Cothen,51.9987415,5.3118293,1,0.0,0.0,0.0,0,100.0,1.0,1.0,100,50.0,1.0,0.0,50,0.0,0.0,0.0,0,0.0,0.0,0.0,0,50.0,1.0,0.0,50,bad_news,bad_news
Cromvoirt,51.6605431,5.2330368,2,0.0,0.0,0.0,0,0.0,0.0,0.0,0,100.0,1.0,1.0,200,0.0,0.0,0.0,0,0.0,0.0,0.0,0,100.0,1.0,1.0,200,magnitude,magnitude
Cruquius,52.3364776,4.6367765,1,100.0,1.0,1.0,100,0.0,0.0,0.0,0,0.0,0.0,0.0,0,0.0,0.0,0.0,0,0.0,0.0,0.0,0,0.0,0.0,0.0,0,entertainment,entertainment
Cuijk,51.729939,5.8800458,6,16.666666666666668,0.16666666666666666,0.16666666666666666,100,66.66666666666667,0.6666666666666666,0.6666666666666666,400,33.333333333333336,0.6666666666666666,0.0,200,0.0,0.0,0.0,0,0.0,0.0,0.0,0,33.333333333333336,0.6666666666666666,0.0,200,bad_news,bad_news
Culemborg,51.9573504,5.2253042,15,6.666666666666667,0.06666666666666667,0.06666666666666667,100,53.333333333333336,0.5333333333333333,0.5333333333333333,800,26.666666666666668,0.5333333333333333,0.0,400,0.0,0.0,0.0,0,0.0,0.0,0.0,0,20.0,0.4,0.0,300,bad_news,bad_news
Dalfsen,52.5111721,6.253911,21,4.761904761904762,0.047619047619047616,0.047619047619047616,100,33.333333333333336,0.3333333333333333,0.3333333333333333,700,30.952380952380953,0.47619047619047616,0.14285714285714285,650,14.285714285714286,0.14285714285714285,0.14285714285714285,300,0.0,0.0,0.0,0,16.666666666666668,0.3333333333333333,0.0,350,bad_news,bad_news
Dedemsvaart,52.5996262,6.4593207,2,0.0,0.0,0.0,0,0.0,0.0,0.0,0,0.0,0.0,0.0,0,50.0,0.5,0.5,100,0.0,0.0,0.0,0,0.0,0.0,0.0,0,good_news,good_news
Deil,51.8855663,5.2432724,4,25.0,0.25,0.25,100,25.0,0.25,0.25,100,12.5,0.25,0.0,50,0.0,0.0,0.0,0,0.0,0.0,0.0,0,12.5,0.25,0.0,50,entertainment,entertainment
Delden,52.2620407,6.7091147,5,20.0,0.2,0.2,100,20.0,0.2,0.2,100,10.0,0.2,0.0,50,10.0,0.2,0.0,50,0.0,0.0,0.0,0,10.0,0.2,0.0,50,entertainment,entertainment
Delfgauw,52.0095838,4.3956354,1,0.0,0.0,0.0,0,0.0,0.0,0.0,0,0.0,0.0,0.0,0,0.0,0.0,0.0,0,0.0,0.0,0.0,0,0.0,0.0,0.0,0,none,none
Delft,52.0114017,4.35839,69,10.144927536231885,0.10144927536231885,0.10144927536231885,700,27.536231884057973,0.2753623188405797,0.2753623188405797,1900,15.217391304347826,0.2898550724637681,0.014492753623188406,1050,20.28985507246377,0.2028985507246377,0.2028985507246377,1400,2.1739130434782608,0.028985507246376812,0.014492753623188406,150,9.420289855072463,0.18840579710144928,0.0,650,bad_news,bad_news
Delfzijl,53.3325644,6.9135144,21,0.0,0.0,0.0,0,38.095238095238095,0.38095238095238093,0.38095238095238093,800,35.714285714285715,0.47619047619047616,0.23809523809523808,750,4.761904761904762,0.047619047619047616,0.047619047619047616,100,0.0,0.0,0.0,0,11.904761904761905,0.23809523809523808,0.0,250,bad_news,bad_news
Den Burg,53.055232,4.7967379,2,0.0,0.0,0.0,0,0.0,0.0,0.0,0,0.0,0.0,0.0,0,0.0,0.0,0.0,0,0.0,0.0,0.0,0,0.0,0.0,0.0,0,none,none
Den Dolder,52.1413382,5.2391461,11,0.0,0.0,0.0,0,72.72727272727273,0.7272727272727273,0.7272727272727273,800,36.36363636363637,0.7272727272727273,0.0,400,0.0,0.0,0.0,0,0.0,0.0,0.0,0,36.36363636363637,0.7272727272727273,0.0,400,bad_news,bad_news
Den Dungen,51.6656003,5.3712805,3,0.0,0.0,0.0,0,0.0,0.0,0.0,0,0.0,0.0,0.0,0,0.0,0.0,0.0,0,0.0,0.0,0.0,0,0.0,0.0,0.0,0,none,none
Den Haag,52.0799838,4.3113461,1452,4.545454545454546,0.045454545454545456,0.045454545454545456,6600,23.691460055096417,0.2369146005509642,0.2369146005509642,34400,16.52892561983471,0.2809917355371901,0.049586776859504134,24000,4.0633608815427,0.04132231404958678,0.03994490358126722,5900,0.8953168044077136,0.010330578512396695,0.007575757575757576,1300,16.83884297520661,0.26377410468319556,0.07300275482093664,24450,bad_news,bad_news
Den Ham,52.4643296,6.4951532,3,0.0,0.0,0.0,0,0.0,0.0,0.0,0,0.0,0.0,0.0,0,0.0,0.0,0.0,0,0.0,0.0,0.0,0,0.0,0.0,0.0,0,none,none
Den Helder,52.957976,4.760279,31,6.451612903225806,0.06451612903225806,0.06451612903225806,200,3.225806451612903,0.03225806451612903,0.03225806451612903,100,14.516129032258064,0.16129032258064516,0.12903225806451613,450,9.67741935483871,0.0967741935483871,0.0967741935483871,300,0.0,0.0,0.0,0,11.290322580645162,0.12903225806451613,0.0967741935483871,350,magnitude,magnitude
Den Hoorn,52.0001043,4.330869,3,0.0,0.0,0.0,0,66.66666666666667,0.6666666666666666,0.6666666666666666,200,33.333333333333336,0.6666666666666666,0.0,100,33.333333333333336,0.3333333333333333,0.3333333333333333,100,0.0,0.0,0.0,0,0.0,0.0,0.0,0,bad_news,bad_news
Den Oever,52.9335602,5.0308692,2,0.0,0.0,0.0,0,50.0,0.5,0.5,100,25.0,0.5,0.0,50,0.0,0.0,0.0,0,0.0,0.0,0.0,0,25.0,0.5,0.0,50,bad_news,bad_news
Denekamp,52.3746915,7.005301,4,0.0,0.0,0.0,0,25.0,0.25,0.25,100,12.5,0.25,0.0,50,25.0,0.25,0.25,100,0.0,0.0,0.0,0,12.5,0.25,0.0,50,bad_news,bad_news
Deurne,51.4638535,5.7946304,11,27.272727272727273,0.2727272727272727,0.2727272727272727,300,36.36363636363637,0.36363636363636365,0.36363636363636365,400,18.181818181818183,0.36363636363636365,0.0,200,9.090909090909092,0.09090909090909091,0.09090909090909091,100,36.36363636363637,0.36363636363636365,0.36363636363636365,400,9.090909090909092,0.18181818181818182,0.0,100,bad_news,bad_news
Deurningen,52.3008411,6.8368748,1,0.0,0.0,0.0,0,0.0,0.0,0.0,0,0.0,0.0,0.0,0,100.0,1.0,1.0,100,0.0,0.0,0.0,0,0.0,0.0,0.0,0,good_news,good_news
Deventer,52.2532272,6.1584725,159,6.289308176100629,0.06289308176100629,0.06289308176100629,1000,21.38364779874214,0.2138364779874214,0.2138364779874214,3400,16.666666666666668,0.27672955974842767,0.05660377358490566,2650,20.12578616352201,0.20754716981132076,0.1949685534591195,3200,0.9433962264150944,0.012578616352201259,0.006289308176100629,150,14.465408805031446,0.22641509433962265,0.06289308176100629,2300,bad_news,bad_news
Didam,51.937228,6.1275981,10,0.0,0.0,0.0,0,90.0,0.9,0.9,900,45.0,0.9,0.0,450,0.0,0.0,0.0,0,0.0,0.0,0.0,0,20.0,0.4,0.0,200,bad_news,bad_news
Diemen,52.3421489,4.960825,33,3.0303030303030303,0.030303030303030304,0.030303030303030304,100,36.36363636363637,0.36363636363636365,0.36363636363636365,1200,16.666666666666668,0.3333333333333333,0.0,550,0.0,0.0,0.0,0,0.0,0.0,0.0,0,10.606060606060606,0.21212121212121213,0.0,350,bad_news,bad_news
Diepenheim,52.1993005,6.554879,2,0.0,0.0,0.0,0,50.0,0.5,0.5,100,25.0,0.5,0.0,50,0.0,0.0,0.0,0,0.0,0.0,0.0,0,25.0,0.5,0.0,50,bad_news,bad_news
Diepenveen,52.2881111,6.1458629,1,0.0,0.0,0.0,0,0.0,0.0,0.0,0,0.0,0.0,0.0,0,100.0,1.0,1.0,100,0.0,0.0,0.0,0,0.0,0.0,0.0,0,good_news,good_news
Diessen,51.4762167,5.1751483,2,0.0,0.0,0.0,0,50.0,0.5,0.5,100,25.0,0.5,0.0,50,0.0,0.0,0.0,0,0.0,0.0,0.0,0,0.0,0.0,0.0,0,bad_news,bad_news
Diever,52.8546576,6.3182659,2,0.0,0.0,0.0,0,50.0,0.5,0.5,100,25.0,0.5,0.0,50,0.0,0.0,0.0,0,0.0,0.0,0.0,0,25.0,0.5,0.0,50,bad_news,bad_news
Dinteloord,51.6339484,4.3680313,2,0.0,0.0,0.0,0,100.0,1.0,1.0,200,50.0,1.0,0.0,100,0.0,0.0,0.0,0,0.0,0.0,0.0,0,50.0,1.0,0.0,100,bad_news,bad_news
Dinxperlo,51.863757,6.4879872,1,0.0,0.0,0.0,0,0.0,0.0,0.0,0,0.0,0.0,0.0,0,0.0,0.0,0.0,0,0.0,0.0,0.0,0,0.0,0.0,0.0,0,none,none
Dirkshorn,52.7498379,4.7790622,2,0.0,0.0,0.0,0,0.0,0.0,0.0,0,0.0,0.0,0.0,0,100.0,1.0,1.0,200,0.0,0.0,0.0,0,0.0,0.0,0.0,0,good_news,good_news
Dodewaard,51.9140052,5.6569388,2,50.0,0.5,0.5,100,0.0,0.0,0.0,0,0.0,0.0,0.0,0,0.0,0.0,0.0,0,0.0,0.0,0.0,0,0.0,0.0,0.0,0,entertainment,entertainment
Doesburg,52.0139605,6.1393699,6,0.0,0.0,0.0,0,83.33333333333333,0.8333333333333334,0.8333333333333334,500,41.666666666666664,0.8333333333333334,0.0,250,16.666666666666668,0.16666666666666666,0.16666666666666666,100,0.0,0.0,0.0,0,25.0,0.5,0.0,150,bad_news,bad_news
Doetinchem,51.9655192,6.2891093,96,13.541666666666666,0.13541666666666666,0.13541666666666666,1300,16.666666666666668,0.16666666666666666,0.16666666666666666,1600,12.5,0.20833333333333334,0.041666666666666664,1200,11.979166666666666,0.125,0.11458333333333333,1150,3.125,0.03125,0.03125,300,14.0625,0.20833333333333334,0.07291666666666667,1350,bad_news,bad_news
Doezum,53.2000385,6.2488392,1,100.0,1.0,1.0,100,0.0,0.0,0.0,0,0.0,0.0,0.0,0,0.0,0.0,0.0,0,0.0,0.0,0.0,0,0.0,0.0,0.0,0,entertainment,entertainment
Dokkum,53.3243515,5.9992306,2,100.0,1.0,1.0,200,0.0,0.0,0.0,0,0.0,0.0,0.0,0,0.0,0.0,0.0,0,0.0,0.0,0.0,0,0.0,0.0,0.0,0,entertainment,entertainment
Domburg,51.5632141,3.4967277,3,66.66666666666667,0.6666666666666666,0.6666666666666666,200,0.0,0.0,0.0,0,0.0,0.0,0.0,0,33.333333333333336,0.3333333333333333,0.3333333333333333,100,0.0,0.0,0.0,0,0.0,0.0,0.0,0,entertainment,entertainment
Dongen,51.6247509,4.9368837,17,0.0,0.0,0.0,0,29.41176470588235,0.29411764705882354,0.29411764705882354,500,20.58823529411765,0.35294117647058826,0.058823529411764705,350,5.882352941176471,0.058823529411764705,0.058823529411764705,100,0.0,0.0,0.0,0,17.647058823529413,0.29411764705882354,0.058823529411764705,300,bad_news,bad_news
Doorn,52.0333163,5.3455956,4,0.0,0.0,0.0,0,0.0,0.0,0.0,0,0.0,0.0,0.0,0,25.0,0.25,0.25,100,0.0,0.0,0.0,0,0.0,0.0,0.0,0,good_news,good_news
Doornspijk,52.4194984,5.8208683,1,0.0,0.0,0.0,0,0.0,0.0,0.0,0,0.0,0.0,0.0,0,0.0,0.0,0.0,0,0.0,0.0,0.0,0,0.0,0.0,0.0,0,none,none
Dordrecht,51.814429,4.6692438,136,8.088235294117647,0.08088235294117647,0.08088235294117647,1100,24.264705882352942,0.2426470588235294,0.2426470588235294,3300,19.485294117647058,0.3161764705882353,0.07352941176470588,2650,17.279411764705884,0.17647058823529413,0.16911764705882354,2350,0.0,0.0,0.0,0,11.397058823529411,0.21323529411764705,0.014705882352941176,1550,bad_news,bad_news
Dorst,51.5898349,4.8583006,3,0.0,0.0,0.0,0,0.0,0.0,0.0,0,0.0,0.0,0.0,0,0.0,0.0,0.0,0,0.0,0.0,0.0,0,0.0,0.0,0.0,0,none,none
Drachten,53.1091111,6.0948102,23,8.695652173913043,0.08695652173913043,0.08695652173913043,200,47.82608695652174,0.4782608695652174,0.4782608695652174,1100,41.30434782608695,0.6521739130434783,0.17391304347826086,950,0.0,0.0,0.0,0,0.0,0.0,0.0,0,6.521739130434782,0.13043478260869565,0.0,150,bad_news,bad_news
Driebergen-Rijsenburg,52.0522872,5.2834752,2,0.0,0.0,0.0,0,0.0,0.0,0.0,0,0.0,0.0,0.0,0,0.0,0.0,0.0,0,0.0,0.0,0.0,0,0.0,0.0,0.0,0,none,none
Drieborg,53.2058545,7.1806822,1,0.0,0.0,0.0,0,100.0,1.0,1.0,100,50.0,1.0,0.0,50,0.0,0.0,0.0,0,0.0,0.0,0.0,0,50.0,1.0,0.0,50,bad_news,bad_news
Driel,51.9591611,5.8162241,1,0.0,0.0,0.0,0,100.0,1.0,1.0,100,50.0,1.0,0.0,50,0.0,0.0,0.0,0,0.0,0.0,0.0,0,50.0,1.0,0.0,50,bad_news,bad_news
Drongelen,51.7161991,5.0538745,1,0.0,0.0,0.0,0,100.0,1.0,1.0,100,50.0,1.0,0.0,50,0.0,0.0,0.0,0,0.0,0.0,0.0,0,50.0,1.0,0.0,50,bad_news,bad_news
Dronryp,53.1939405,5.6452024,3,0.0,0.0,0.0,0,100.0,1.0,1.0,300,50.0,1.0,0.0,150,0.0,0.0,0.0,0,0.0,0.0,0.0,0,16.666666666666668,0.3333333333333333,0.0,50,bad_news,bad_news
Dronten,52.5236608,5.7160381,18,11.11111111111111,0.1111111111111111,0.1111111111111111,200,38.888888888888886,0.3888888888888889,0.3888888888888889,700,25.0,0.4444444444444444,0.05555555555555555,450,0.0,0.0,0.0,0,0.0,0.0,0.0,0,16.666666666666668,0.3333333333333333,0.0,300,bad_news,bad_news
Drouwen,52.9525301,6.7965034,1,0.0,0.0,0.0,0,0.0,0.0,0.0,0,0.0,0.0,0.0,0,0.0,0.0,0.0,0,0.0,0.0,0.0,0,0.0,0.0,0.0,0,none,none
Drouwenermond,52.9767927,6.8997601,1,0.0,0.0,0.0,0,0.0,0.0,0.0,0,0.0,0.0,0.0,0,0.0,0.0,0.0,0,0.0,0.0,0.0,0,0.0,0.0,0.0,0,none,none
Drunen,51.6862832,5.130986,30,3.3333333333333335,0.03333333333333333,0.03333333333333333,100,40.0,0.4,0.4,1200,23.333333333333332,0.43333333333333335,0.03333333333333333,700,6.666666666666667,0.06666666666666667,0.06666666666666667,200,0.0,0.0,0.0,0,13.333333333333334,0.26666666666666666,0.0,400,bad_news,bad_news
Druten,51.8885167,5.6048981,1,0.0,0.0,0.0,0,100.0,1.0,1.0,100,50.0,1.0,0.0,50,0.0,0.0,0.0,0,0.0,0.0,0.0,0,50.0,1.0,0.0,50,bad_news,bad_news
Duiven,51.9495859,6.024594,10,0.0,0.0,0.0,0,50.0,0.5,0.5,500,35.0,0.6,0.1,350,10.0,0.1,0.1,100,0.0,0.0,0.0,0,20.0,0.4,0.0,200,bad_news,bad_news
Duivendrecht,52.3301502,4.9363478,104,1.9230769230769231,0.019230769230769232,0.019230769230769232,200,47.11538461538461,0.47115384615384615,0.47115384615384615,4900,26.923076923076923,0.5096153846153846,0.028846153846153848,2800,0.9615384615384616,0.009615384615384616,0.009615384615384616,100,0.0,0.0,0.0,0,23.557692307692307,0.47115384615384615,0.0,2450,bad_news,bad_news
Duizel,51.369895,5.2996185,2,0.0,0.0,0.0,0,0.0,0.0,0.0,0,0.0,0.0,0.0,0,50.0,0.5,0.5,100,0.0,0.0,0.0,0,0.0,0.0,0.0,0,good_news,good_news
Durgerdam,52.3779446,4.9904908,1,100.0,1.0,1.0,100,0.0,0.0,0.0,0,0.0,0.0,0.0,0,0.0,0.0,0.0,0,0.0,0.0,0.0,0,0.0,0.0,0.0,0,entertainment,entertainment
Dussen,51.7308649,4.9630508,2,50.0,0.5,0.5,100,0.0,0.0,0.0,0,0.0,0.0,0.0,0,0.0,0.0,0.0,0,0.0,0.0,0.0,0,0.0,0.0,0.0,0,entertainment,entertainment
Dwingeloo,52.8333073,6.3669053,1,0.0,0.0,0.0,0,0.0,0.0,0.0,0,0.0,0.0,0.0,0,100.0,1.0,1.0,100,0.0,0.0,0.0,0,0.0,0.0,0.0,0,good_news,good_news
Echt,51.1073016,5.8719765,1,0.0,0.0,0.0,0,0.0,0.0,0.0,0,0.0,0.0,0.0,0,0.0,0.0,0.0,0,0.0,0.0,0.0,0,0.0,0.0,0.0,0,none,none
Edam,52.5119116,5.0562845,6,0.0,0.0,0.0,0,50.0,0.5,0.5,300,25.0,0.5,0.0,150,0.0,0.0,0.0,0,0.0,0.0,0.0,0,25.0,0.5,0.0,150,bad_news,bad_news
Ede,52.0458265,5.6702011,85,11.764705882352942,0.11764705882352941,0.11764705882352941,1000,32.94117647058823,0.32941176470588235,0.32941176470588235,2800,24.11764705882353,0.4117647058823529,0.07058823529411765,2050,10.588235294117647,0.10588235294117647,0.10588235294117647,900,0.5882352941176471,0.011764705882352941,0.0,50,12.941176470588236,0.25882352941176473,0.0,1100,bad_news,bad_news
Ederveen,52.0613055,5.5775905,1,0.0,0.0,0.0,0,0.0,0.0,0.0,0,0.0,0.0,0.0,0,0.0,0.0,0.0,0,0.0,0.0,0.0,0,0.0,0.0,0.0,0,none,none
Eelde,53.1346105,6.5633884,21,0.0,0.0,0.0,0,0.0,0.0,0.0,0,14.285714285714286,0.14285714285714285,0.14285714285714285,300,0.0,0.0,0.0,0,0.0,0.0,0.0,0,0.0,0.0,0.0,0,magnitude,magnitude
Eemnes,52.2533698,5.2601016,9,0.0,0.0,0.0,0,44.44444444444444,0.4444444444444444,0.4444444444444444,400,22.22222222222222,0.4444444444444444,0.0,200,0.0,0.0,0.0,0,0.0,0.0,0.0,0,11.11111111111111,0.2222222222222222,0.0,100,bad_news,bad_news
Eerbeek,52.1050018,6.0662773,2,0.0,0.0,0.0,0,0.0,0.0,0.0,0,0.0,0.0,0.0,0,0.0,0.0,0.0,0,0.0,0.0,0.0,0,0.0,0.0,0.0,0,none,none
Eersel,51.3586373,5.3201315,10,10.0,0.1,0.1,100,50.0,0.5,0.5,500,35.0,0.6,0.1,350,0.0,0.0,0.0,0,0.0,0.0,0.0,0,20.0,0.4,0.0,200,bad_news,bad_news
Eibergen,52.1032685,6.6511683,7,0.0,0.0,0.0,0,57.142857142857146,0.5714285714285714,0.5714285714285714,400,28.571428571428573,0.5714285714285714,0.0,200,14.285714285714286,0.14285714285714285,0.14285714285714285,100,0.0,0.0,0.0,0,7.142857142857143,0.14285714285714285,0.0,50,bad_news,bad_news
Eijsden,50.7782686,5.7075337,7,0.0,0.0,0.0,0,14.285714285714286,0.14285714285714285,0.14285714285714285,100,21.428571428571427,0.2857142857142857,0.14285714285714285,150,57.142857142857146,0.5714285714285714,0.5714285714285714,400,21.428571428571427,0.2857142857142857,0.14285714285714285,150,7.142857142857143,0.14285714285714285,0.0,50,good_news,good_news
Eindhoven,51.4392648,5.478633,610,10.655737704918034,0.10655737704918032,0.10655737704918032,6500,22.62295081967213,0.2262295081967213,0.2262295081967213,13800,20.40983606557377,0.3262295081967213,0.08196721311475409,12450,15.819672131147541,0.15901639344262294,0.15737704918032788,9650,1.0655737704918034,0.013114754098360656,0.00819672131147541,650,16.557377049180328,0.2721311475409836,0.05901639344262295,10100,bad_news,bad_news
Elburg,52.4449771,5.8403894,16,0.0,0.0,0.0,0,62.5,0.625,0.625,1000,31.25,0.625,0.0,500,0.0,0.0,0.0,0,0.0,0.0,0.0,0,18.75,0.375,0.0,300,bad_news,bad_news
Elshout,51.7011713,5.139724,1,100.0,1.0,1.0,100,0.0,0.0,0.0,0,0.0,0.0,0.0,0,0.0,0.0,0.0,0,0.0,0.0,0.0,0,0.0,0.0,0.0,0,entertainment,entertainment
Elsloo,52.9466446,6.2356913,1,100.0,1.0,1.0,100,0.0,0.0,0.0,0,0.0,0.0,0.0,0,0.0,0.0,0.0,0,0.0,0.0,0.0,0,0.0,0.0,0.0,0,entertainment,entertainment
Elspeet,52.2910649,5.7884632,3,0.0,0.0,0.0,0,0.0,0.0,0.0,0,0.0,0.0,0.0,0,0.0,0.0,0.0,0,0.0,0.0,0.0,0,0.0,0.0,0.0,0,none,none
Elst,51.9841808,5.4993755,5,0.0,0.0,0.0,0,40.0,0.4,0.4,200,10.0,0.2,0.0,50,20.0,0.2,0.2,100,0.0,0.0,0.0,0,10.0,0.2,0.0,50,bad_news,bad_news
Emmeloord,52.7087448,5.7466367,9,0.0,0.0,0.0,0,44.44444444444444,0.4444444444444444,0.4444444444444444,400,33.333333333333336,0.5555555555555556,0.1111111111111111,300,0.0,0.0,0.0,0,0.0,0.0,0.0,0,0.0,0.0,0.0,0,bad_news,bad_news
Emmen,52.788937,6.8939001,53,11.320754716981131,0.11320754716981132,0.11320754716981132,600,20.754716981132077,0.20754716981132076,0.20754716981132076,1100,20.754716981132077,0.3584905660377358,0.05660377358490566,1100,20.754716981132077,0.20754716981132076,0.20754716981132076,1100,0.0,0.0,0.0,0,8.49056603773585,0.1509433962264151,0.018867924528301886,450,magnitude,magnitude
Emst,52.3182269,5.9759134,2,0.0,0.0,0.0,0,100.0,1.0,1.0,200,50.0,1.0,0.0,100,0.0,0.0,0.0,0,0.0,0.0,0.0,0,0.0,0.0,0.0,0,bad_news,bad_news
Enkhuizen,52.7036282,5.2901222,17,5.882352941176471,0.058823529411764705,0.058823529411764705,100,11.764705882352942,0.11764705882352941,0.11764705882352941,200,41.1764705882353,0.47058823529411764,0.35294117647058826,700,5.882352941176471,0.058823529411764705,0.058823529411764705,100,0.0,0.0,0.0,0,2.9411764705882355,0.058823529411764705,0.0,50,magnitude,magnitude
Enschede,52.2209855,6.8940537,270,7.037037037037037,0.07037037037037037,0.07037037037037037,1900,23.703703703703702,0.23703703703703705,0.23703703703703705,6400,15.925925925925926,0.2740740740740741,0.044444444444444446,4300,19.814814814814813,0.2,0.1962962962962963,5350,0.37037037037037035,0.007407407407407408,0.0,100,15.74074074074074,0.25555555555555554,0.05925925925925926,4250,bad_news,bad_news
Epe,52.3484545,5.9836383,7,14.285714285714286,0.14285714285714285,0.14285714285714285,100,14.285714285714286,0.14285714285714285,0.14285714285714285,100,14.285714285714286,0.2857142857142857,0.0,100,0.0,0.0,0.0,0,14.285714285714286,0.14285714285714285,0.14285714285714285,100,7.142857142857143,0.14285714285714285,0.0,50,magnitude,magnitude
Ermelo,52.300088,5.6231259,14,0.0,0.0,0.0,0,21.428571428571427,0.21428571428571427,0.21428571428571427,300,39.285714285714285,0.5,0.2857142857142857,550,7.142857142857143,0.07142857142857142,0.07142857142857142,100,0.0,0.0,0.0,0,7.142857142857143,0.14285714285714285,0.0,100,magnitude,magnitude
Erp,51.6004767,5.6064592,5,0.0,0.0,0.0,0,80.0,0.8,0.8,400,60.0,1.0,0.2,300,0.0,0.0,0.0,0,0.0,0.0,0.0,0,40.0,0.8,0.0,200,bad_news,bad_news
Esbeek,51.4618953,5.1371625,1,0.0,0.0,0.0,0,100.0,1.0,1.0,100,50.0,1.0,0.0,50,0.0,0.0,0.0,0,0.0,0.0,0.0,0,50.0,1.0,0.0,50,bad_news,bad_news
Etten,51.9161169,6.3404632,2,0.0,0.0,0.0,0,100.0,1.0,1.0,200,50.0,1.0,0.0,100,0.0,0.0,0.0,0,0.0,0.0,0.0,0,50.0,1.0,0.0,100,bad_news,bad_news
Etten-Leur,51.5692065,4.6360813,25,12.0,0.12,0.12,300,24.0,0.24,0.24,600,20.0,0.32,0.08,500,8.0,0.08,0.08,200,0.0,0.0,0.0,0,8.0,0.16,0.0,200,bad_news,bad_news
Everdingen,51.9665685,5.1551481,3,0.0,0.0,0.0,0,0.0,0.0,0.0,0,0.0,0.0,0.0,0,0.0,0.0,0.0,0,0.0,0.0,0.0,0,0.0,0.0,0.0,0,none,none
Ewijk,51.8691291,5.7391267,2,0.0,0.0,0.0,0,0.0,0.0,0.0,0,0.0,0.0,0.0,0,0.0,0.0,0.0,0,0.0,0.0,0.0,0,0.0,0.0,0.0,0,none,none
Farmsum,53.3226566,6.9286233,2,0.0,0.0,0.0,0,50.0,0.5,0.5,100,25.0,0.5,0.0,50,0.0,0.0,0.0,0,0.0,0.0,0.0,0,25.0,0.5,0.0,50,bad_news,bad_news
Fijnaart,51.6352829,4.4673134,4,25.0,0.25,0.25,100,50.0,0.5,0.5,200,62.5,1.0,0.25,250,0.0,0.0,0.0,0,0.0,0.0,0.0,0,0.0,0.0,0.0,0,magnitude,magnitude
Finsterwolde,53.1983282,7.083378,16,0.0,0.0,0.0,0,50.0,0.5,0.5,800,25.0,0.5,0.0,400,6.25,0.0625,0.0625,100,0.0,0.0,0.0,0,25.0,0.5,0.0,400,bad_news,bad_news
Franeker,53.1880505,5.5409648,7,0.0,0.0,0.0,0,28.571428571428573,0.2857142857142857,0.2857142857142857,200,28.571428571428573,0.42857142857142855,0.14285714285714285,200,0.0,0.0,0.0,0,0.0,0.0,0.0,0,7.142857142857143,0.14285714285714285,0.0,50,magnitude,magnitude
Gameren,51.8000907,5.2057359,1,0.0,0.0,0.0,0,0.0,0.0,0.0,0,0.0,0.0,0.0,0,0.0,0.0,0.0,0,0.0,0.0,0.0,0,0.0,0.0,0.0,0,none,none
Garderen,52.2331839,5.714073,2,50.0,0.5,0.5,100,0.0,0.0,0.0,0,0.0,0.0,0.0,0,0.0,0.0,0.0,0,0.0,0.0,0.0,0,0.0,0.0,0.0,0,entertainment,entertainment
Garmerwolde,53.2474709,6.6486168,1,0.0,0.0,0.0,0,0.0,0.0,0.0,0,0.0,0.0,0.0,0,0.0,0.0,0.0,0,0.0,0.0,0.0,0,0.0,0.0,0.0,0,none,none
Garyp,53.1666242,5.9691424,1,0.0,0.0,0.0,0,100.0,1.0,1.0,100,50.0,1.0,0.0,50,0.0,0.0,0.0,0,0.0,0.0,0.0,0,0.0,0.0,0.0,0,bad_news,bad_news
Gassel,51.7404033,5.7805024,1,0.0,0.0,0.0,0,0.0,0.0,0.0,0,0.0,0.0,0.0,0,0.0,0.0,0.0,0,0.0,0.0,0.0,0,0.0,0.0,0.0,0,none,none
Gasselternijveenschemond,52.9974299,6.9122833,1,0.0,0.0,0.0,0,0.0,0.0,0.0,0,0.0,0.0,0.0,0,0.0,0.0,0.0,0,0.0,0.0,0.0,0,0.0,0.0,0.0,0,none,none
Geerdijk,52.4766276,6.5706174,1,0.0,0.0,0.0,0,0.0,0.0,0.0,0,0.0,0.0,0.0,0,0.0,0.0,0.0,0,0.0,0.0,0.0,0,0.0,0.0,0.0,0,none,none
Geertruidenberg,51.7008333,4.8611502,2,0.0,0.0,0.0,0,50.0,0.5,0.5,100,25.0,0.5,0.0,50,0.0,0.0,0.0,0,0.0,0.0,0.0,0,25.0,0.5,0.0,50,bad_news,bad_news
Geesteren,52.4210066,6.7362453,4,75.0,0.75,0.75,300,0.0,0.0,0.0,0,0.0,0.0,0.0,0,12.5,0.25,0.0,50,0.0,0.0,0.0,0,0.0,0.0,0.0,0,entertainment,entertainment
Geffen,51.7422509,5.4621199,5,40.0,0.4,0.4,200,40.0,0.4,0.4,200,10.0,0.2,0.0,50,0.0,0.0,0.0,0,0.0,0.0,0.0,0,10.0,0.2,0.0,50,entertainment,entertainment
Geldermalsen,51.879931,5.2876361,16,6.25,0.0625,0.0625,100,25.0,0.25,0.25,400,25.0,0.375,0.125,400,0.0,0.0,0.0,0,0.0,0.0,0.0,0,12.5,0.25,0.0,200,magnitude,magnitude
Geldrop,51.4226684,5.5607546,4,0.0,0.0,0.0,0,0.0,0.0,0.0,0,50.0,0.5,0.5,200,0.0,0.0,0.0,0,0.0,0.0,0.0,0,0.0,0.0,0.0,0,magnitude,magnitude
Geleen,50.9699953,5.8267029,9,0.0,0.0,0.0,0,44.44444444444444,0.4444444444444444,0.4444444444444444,400,44.44444444444444,0.6666666666666666,0.2222222222222222,400,22.22222222222222,0.2222222222222222,0.2222222222222222,200,0.0,0.0,0.0,0,22.22222222222222,0.4444444444444444,0.0,200,magnitude,magnitude
Gemert,51.5589833,5.6864592,11,0.0,0.0,0.0,0,45.45454545454545,0.45454545454545453,0.45454545454545453,500,22.727272727272727,0.45454545454545453,0.0,250,45.45454545454545,0.45454545454545453,0.45454545454545453,500,13.636363636363637,0.18181818181818182,0.09090909090909091,150,22.727272727272727,0.45454545454545453,0.0,250,bad_news,bad_news
Gendt,51.8800155,5.9707861,1,0.0,0.0,0.0,0,0.0,0.0,0.0,0,0.0,0.0,0.0,0,0.0,0.0,0.0,0,0.0,0.0,0.0,0,0.0,0.0,0.0,0,none,none
Genemuiden,52.6228834,6.0424311,5,0.0,0.0,0.0,0,20.0,0.2,0.2,100,10.0,0.2,0.0,50,40.0,0.4,0.4,200,0.0,0.0,0.0,0,10.0,0.2,0.0,50,good_news,good_news
Gennep,51.7012798,5.969107,3,0.0,0.0,0.0,0,0.0,0.0,0.0,0,0.0,0.0,0.0,0,66.66666666666667,0.6666666666666666,0.6666666666666666,200,0.0,0.0,0.0,0,0.0,0.0,0.0,0,good_news,good_news
Giessen,51.7910191,5.0318616,2,100.0,1.0,1.0,200,0.0,0.0,0.0,0,0.0,0.0,0.0,0,0.0,0.0,0.0,0,0.0,0.0,0.0,0,0.0,0.0,0.0,0,entertainment,entertainment
Giethoorn,52.741105,6.077431,10,40.0,0.4,0.4,400,50.0,0.5,0.5,500,25.0,0.5,0.0,250,0.0,0.0,0.0,0,40.0,0.4,0.4,400,20.0,0.4,0.0,200,bad_news,bad_news
Gilze,51.5416528,4.9443857,6,0.0,0.0,0.0,0,0.0,0.0,0.0,0,0.0,0.0,0.0,0,16.666666666666668,0.16666666666666666,0.16666666666666666,100,0.0,0.0,0.0,0,0.0,0.0,0.0,0,good_news,good_news
Glane,52.2313265,7.004706,2,0.0,0.0,0.0,0,0.0,0.0,0.0,0,0.0,0.0,0.0,0,0.0,0.0,0.0,0,0.0,0.0,0.0,0,0.0,0.0,0.0,0,none,none
Glanerbrug,52.2155505,6.9701111,2,0.0,0.0,0.0,0,100.0,1.0,1.0,200,50.0,1.0,0.0,100,0.0,0.0,0.0,0,0.0,0.0,0.0,0,50.0,1.0,0.0,100,bad_news,bad_news
Godlinze,53.3726046,6.8146739,1,0.0,0.0,0.0,0,0.0,0.0,0.0,0,100.0,1.0,1.0,100,0.0,0.0,0.0,0,0.0,0.0,0.0,0,0.0,0.0,0.0,0,magnitude,magnitude
Goes,51.5031033,3.8897596,52,7.6923076923076925,0.07692307692307693,0.07692307692307693,400,17.307692307692307,0.17307692307692307,0.17307692307692307,900,13.461538461538462,0.23076923076923078,0.038461538461538464,700,9.615384615384615,0.09615384615384616,0.09615384615384616,500,2.8846153846153846,0.038461538461538464,0.019230769230769232,150,8.653846153846153,0.17307692307692307,0.0,450,bad_news,bad_news
Goirle,51.5231816,5.0660312,7,0.0,0.0,0.0,0,14.285714285714286,0.14285714285714285,0.14285714285714285,100,7.142857142857143,0.14285714285714285,0.0,50,0.0,0.0,0.0,0,0.0,0.0,0.0,0,7.142857142857143,0.14285714285714285,0.0,50,bad_news,bad_news
Goor,52.2321562,6.5809004,2,0.0,0.0,0.0,0,50.0,0.5,0.5,100,75.0,1.0,0.5,150,0.0,0.0,0.0,0,0.0,0.0,0.0,0,25.0,0.5,0.0,50,magnitude,magnitude
Gorinchem,51.8296133,4.9738743,21,9.523809523809524,0.09523809523809523,0.09523809523809523,200,19.047619047619047,0.19047619047619047,0.19047619047619047,400,33.333333333333336,0.42857142857142855,0.23809523809523808,700,4.761904761904762,0.047619047619047616,0.047619047619047616,100,0.0,0.0,0.0,0,14.285714285714286,0.23809523809523808,0.047619047619047616,300,magnitude,magnitude
Gorredijk,53.0059606,6.0641634,2,0.0,0.0,0.0,0,100.0,1.0,1.0,200,50.0,1.0,0.0,100,0.0,0.0,0.0,0,0.0,0.0,0.0,0,50.0,1.0,0.0,100,bad_news,bad_news
Gorssel,52.1996486,6.2002185,1,0.0,0.0,0.0,0,0.0,0.0,0.0,0,0.0,0.0,0.0,0,0.0,0.0,0.0,0,0.0,0.0,0.0,0,0.0,0.0,0.0,0,none,none
Gouda,52.0114922,4.7106094,61,1.639344262295082,0.01639344262295082,0.01639344262295082,100,59.01639344262295,0.5901639344262295,0.5901639344262295,3600,34.42622950819672,0.639344262295082,0.04918032786885246,2100,0.0,0.0,0.0,0,0.0,0.0,0.0,0,26.229508196721312,0.5245901639344263,0.0,1600,bad_news,bad_news
Graauw,51.330728,4.1040731,1,0.0,0.0,0.0,0,100.0,1.0,1.0,100,0.0,0.0,0.0,0,0.0,0.0,0.0,0,0.0,0.0,0.0,0,0.0,0.0,0.0,0,bad_news,bad_news
Grathem,51.1917251,5.8589966,1,0.0,0.0,0.0,0,0.0,0.0,0.0,0,100.0,1.0,1.0,100,0.0,0.0,0.0,0,0.0,0.0,0.0,0,0.0,0.0,0.0,0,magnitude,magnitude
Grave,51.7596504,5.7411125,2,100.0,1.0,1.0,200,0.0,0.0,0.0,0,25.0,0.5,0.0,50,0.0,0.0,0.0,0,50.0,0.5,0.5,100,0.0,0.0,0.0,0,entertainment,entertainment
Grijpskerk,53.2638942,6.3061336,4,0.0,0.0,0.0,0,50.0,0.5,0.5,200,75.0,1.0,0.5,300,0.0,0.0,0.0,0,0.0,0.0,0.0,0,25.0,0.5,0.0,100,magnitude,magnitude
Groenekan,52.1234194,5.1513413,12,0.0,0.0,0.0,0,33.333333333333336,0.3333333333333333,0.3333333333333333,400,25.0,0.4166666666666667,0.08333333333333333,300,0.0,0.0,0.0,0,0.0,0.0,0.0,0,16.666666666666668,0.3333333333333333,0.0,200,bad_news,bad_news
Groenlo,52.0425903,6.6170412,5,0.0,0.0,0.0,0,60.0,0.6,0.6,300,30.0,0.6,0.0,150,0.0,0.0,0.0,0,0.0,0.0,0.0,0,20.0,0.4,0.0,100,bad_news,bad_news
Groesbeek,51.7741022,5.9305385,9,0.0,0.0,0.0,0,22.22222222222222,0.2222222222222222,0.2222222222222222,200,22.22222222222222,0.3333333333333333,0.1111111111111111,200,11.11111111111111,0.1111111111111111,0.1111111111111111,100,0.0,0.0,0.0,0,5.555555555555555,0.1111111111111111,0.0,50,magnitude,magnitude
Groessen,51.9320005,6.0289483,2,0.0,0.0,0.0,0,100.0,1.0,1.0,200,50.0,1.0,0.0,100,0.0,0.0,0.0,0,0.0,0.0,0.0,0,50.0,1.0,0.0,100,bad_news,bad_news
Groet,52.7210122,4.6684187,1,0.0,0.0,0.0,0,100.0,1.0,1.0,100,50.0,1.0,0.0,50,0.0,0.0,0.0,0,0.0,0.0,0.0,0,50.0,1.0,0.0,50,bad_news,bad_news
Groningen,53.2190652,6.5680077,651,9.98463901689708,0.09984639016897082,0.09984639016897082,6500,21.351766513056834,0.21351766513056836,0.21351766513056836,13900,25.268817204301076,0.3686635944700461,0.13671274961597543,16450,12.135176651305683,0.1228878648233487,0.11981566820276497,7900,1.9969278033794162,0.026113671274961597,0.013824884792626729,1300,12.135176651305683,0.2119815668202765,0.030721966205837174,7900,magnitude,magnitude
Groot-Ammers,51.9243571,4.8243822,1,0.0,0.0,0.0,0,100.0,1.0,1.0,100,0.0,0.0,0.0,0,0.0,0.0,0.0,0,0.0,0.0,0.0,0,0.0,0.0,0.0,0,bad_news,bad_news
Grou,53.0936536,5.8322342,1,0.0,0.0,0.0,0,0.0,0.0,0.0,0,0.0,0.0,0.0,0,100.0,1.0,1.0,100,100.0,1.0,1.0,100,0.0,0.0,0.0,0,good_news,good_news
Haaften,51.8179601,5.2127103,1,0.0,0.0,0.0,0,0.0,0.0,0.0,0,0.0,0.0,0.0,0,0.0,0.0,0.0,0,0.0,0.0,0.0,0,0.0,0.0,0.0,0,none,none
Haaksbergen,52.1564581,6.740239,8,0.0,0.0,0.0,0,37.5,0.375,0.375,300,18.75,0.375,0.0,150,0.0,0.0,0.0,0,0.0,0.0,0.0,0,18.75,0.375,0.0,150,bad_news,bad_news
Haaren,51.6022563,5.227508,1,100.0,1.0,1.0,100,0.0,0.0,0.0,0,0.0,0.0,0.0,0,0.0,0.0,0.0,0,0.0,0.0,0.0,0,0.0,0.0,0.0,0,entertainment,entertainment
Haarle,52.3591748,6.3805672,1,100.0,1.0,1.0,100,0.0,0.0,0.0,0,0.0,0.0,0.0,0,0.0,0.0,0.0,0,0.0,0.0,0.0,0,0.0,0.0,0.0,0,entertainment,entertainment
Haarlem,52.3885317,4.6388048,132,6.818181818181818,0.06818181818181818,0.06818181818181818,900,41.666666666666664,0.4166666666666667,0.4166666666666667,5500,23.484848484848484,0.44696969696969696,0.022727272727272728,3100,1.5151515151515151,0.015151515151515152,0.015151515151515152,200,1.1363636363636365,0.015151515151515152,0.007575757575757576,150,19.696969696969695,0.3939393939393939,0.0,2600,bad_news,bad_news
Hagestein,51.9810496,5.1220284,2,0.0,0.0,0.0,0,0.0,0.0,0.0,0,50.0,0.5,0.5,100,0.0,0.0,0.0,0,0.0,0.0,0.0,0,0.0,0.0,0.0,0,magnitude,magnitude
Halfweg,52.3826063,4.7546903,4,50.0,0.5,0.5,200,25.0,0.25,0.25,100,25.0,0.5,0.0,100,25.0,0.25,0.25,100,0.0,0.0,0.0,0,12.5,0.25,0.0,50,entertainment,entertainment
Hall,52.1107509,6.1034783,1,100.0,1.0,1.0,100,0.0,0.0,0.0,0,0.0,0.0,0.0,0,0.0,0.0,0.0,0,100.0,1.0,1.0,100,0.0,0.0,0.0,0,entertainment,entertainment
Halle,51.9905212,6.4284297,18,50.0,0.5,0.5,900,16.666666666666668,0.16666666666666666,0.16666666666666666,300,30.555555555555557,0.5555555555555556,0.05555555555555555,550,22.22222222222222,0.2222222222222222,0.2222222222222222,400,30.555555555555557,0.3333333333333333,0.2777777777777778,550,19.444444444444443,0.3333333333333333,0.05555555555555555,350,entertainment,entertainment
Halsteren,51.5230234,4.2729507,4,0.0,0.0,0.0,0,75.0,0.75,0.75,300,37.5,0.75,0.0,150,0.0,0.0,0.0,0,0.0,0.0,0.0,0,37.5,0.75,0.0,150,bad_news,bad_news
Hank,51.7360352,4.8986026,1,0.0,0.0,0.0,0,0.0,0.0,0.0,0,100.0,1.0,1.0,100,0.0,0.0,0.0,0,0.0,0.0,0.0,0,0.0,0.0,0.0,0,magnitude,magnitude
Hapert,51.3709644,5.2518766,1,0.0,0.0,0.0,0,0.0,0.0,0.0,0,100.0,1.0,1.0,100,0.0,0.0,0.0,0,0.0,0.0,0.0,0,0.0,0.0,0.0,0,magnitude,magnitude
Haps,51.6886486,5.8628619,1,100.0,1.0,1.0,100,0.0,0.0,0.0,0,50.0,1.0,0.0,50,100.0,1.0,1.0,100,0.0,0.0,0.0,0,0.0,0.0,0.0,0,entertainment,entertainment
Harbrinkhoek,52.38464,6.72099,1,100.0,1.0,1.0,100,0.0,0.0,0.0,0,0.0,0.0,0.0,0,0.0,0.0,0.0,0,0.0,0.0,0.0,0,0.0,0.0,0.0,0,entertainment,entertainment
Hardenberg,52.5754706,6.6188242,18,5.555555555555555,0.05555555555555555,0.05555555555555555,100,44.44444444444444,0.4444444444444444,0.4444444444444444,800,22.22222222222222,0.4444444444444444,0.0,400,2.7777777777777777,0.05555555555555555,0.0,50,0.0,0.0,0.0,0,22.22222222222222,0.4444444444444444,0.0,400,bad_news,bad_news
Harderwijk,52.3490693,5.618933,24,4.166666666666667,0.041666666666666664,0.041666666666666664,100,29.166666666666668,0.2916666666666667,0.2916666666666667,700,29.166666666666668,0.4166666666666667,0.16666666666666666,700,4.166666666666667,0.041666666666666664,0.041666666666666664,100,0.0,0.0,0.0,0,10.416666666666666,0.20833333333333334,0.0,250,magnitude,magnitude
Haren,51.7996561,5.5835902,19,42.10526315789474,0.42105263157894735,0.42105263157894735,800,15.789473684210526,0.15789473684210525,0.15789473684210525,300,34.21052631578947,0.47368421052631576,0.21052631578947367,650,18.42105263157895,0.21052631578947367,0.15789473684210525,350,2.6315789473684212,0.05263157894736842,0.0,50,5.2631578947368425,0.10526315789473684,0.0,100,entertainment,entertainment
Harfsen,52.2075015,6.297922,2,0.0,0.0,0.0,0,0.0,0.0,0.0,0,0.0,0.0,0.0,0,0.0,0.0,0.0,0,0.0,0.0,0.0,0,0.0,0.0,0.0,0,none,none
Harlingen,53.1752103,5.4141998,18,5.555555555555555,0.05555555555555555,0.05555555555555555,100,38.888888888888886,0.3888888888888889,0.3888888888888889,700,41.666666666666664,0.6111111111111112,0.2222222222222222,750,0.0,0.0,0.0,0,0.0,0.0,0.0,0,11.11111111111111,0.2222222222222222,0.0,200,magnitude,magnitude
Harmelen,52.0914501,4.9639631,2,0.0,0.0,0.0,0,0.0,0.0,0.0,0,50.0,0.5,0.5,100,0.0,0.0,0.0,0,0.0,0.0,0.0,0,0.0,0.0,0.0,0,magnitude,magnitude
Harreveld,51.9785595,6.5161187,1,0.0,0.0,0.0,0,0.0,0.0,0.0,0,0.0,0.0,0.0,0,0.0,0.0,0.0,0,0.0,0.0,0.0,0,0.0,0.0,0.0,0,none,none
Harskamp,52.1316634,5.75085,2,0.0,0.0,0.0,0,0.0,0.0,0.0,0,0.0,0.0,0.0,0,0.0,0.0,0.0,0,0.0,0.0,0.0,0,0.0,0.0,0.0,0,none,none
Hasselt,52.5914949,6.0956717,19,47.36842105263158,0.47368421052631576,0.47368421052631576,900,10.526315789473685,0.10526315789473684,0.10526315789473684,200,13.157894736842104,0.2631578947368421,0.0,250,0.0,0.0,0.0,0,0.0,0.0,0.0,0,13.157894736842104,0.2631578947368421,0.0,250,entertainment,entertainment
Hattem,52.4773176,6.0560015,9,11.11111111111111,0.1111111111111111,0.1111111111111111,100,0.0,0.0,0.0,0,22.22222222222222,0.2222222222222222,0.2222222222222222,200,22.22222222222222,0.2222222222222222,0.2222222222222222,200,0.0,0.0,0.0,0,0.0,0.0,0.0,0,magnitude,magnitude
Hattemerbroek,52.4765252,6.0256402,1,0.0,0.0,0.0,0,100.0,1.0,1.0,100,50.0,1.0,0.0,50,0.0,0.0,0.0,0,0.0,0.0,0.0,0,0.0,0.0,0.0,0,bad_news,bad_news
Havelte,52.7712967,6.235975,2,0.0,0.0,0.0,0,50.0,0.5,0.5,100,75.0,1.0,0.5,150,0.0,0.0,0.0,0,0.0,0.0,0.0,0,25.0,0.5,0.0,50,magnitude,magnitude
Hazerswoude-Dorp,52.0962664,4.5915103,1,0.0,0.0,0.0,0,100.0,1.0,1.0,100,0.0,0.0,0.0,0,0.0,0.0,0.0,0,0.0,0.0,0.0,0,0.0,0.0,0.0,0,bad_news,bad_news
Hazerswoude-Rijndijk,52.1269925,4.5922382,1,0.0,0.0,0.0,0,0.0,0.0,0.0,0,0.0,0.0,0.0,0,0.0,0.0,0.0,0,0.0,0.0,0.0,0,0.0,0.0,0.0,0,none,none
Hedel,51.7448817,5.2597063,3,0.0,0.0,0.0,0,66.66666666666667,0.6666666666666666,0.6666666666666666,200,33.333333333333336,0.6666666666666666,0.0,100,0.0,0.0,0.0,0,0.0,0.0,0.0,0,33.333333333333336,0.6666666666666666,0.0,100,bad_news,bad_news
Heeg,52.970948,5.6109457,3,0.0,0.0,0.0,0,33.333333333333336,0.3333333333333333,0.3333333333333333,100,16.666666666666668,0.3333333333333333,0.0,50,0.0,0.0,0.0,0,0.0,0.0,0.0,0,16.666666666666668,0.3333333333333333,0.0,50,bad_news,bad_news
Heemskerk,52.5104331,4.6723536,68,0.0,0.0,0.0,0,66.17647058823529,0.6617647058823529,0.6617647058823529,4500,40.44117647058823,0.7352941176470589,0.07352941176470588,2750,1.4705882352941178,0.014705882352941176,0.014705882352941176,100,0.0,0.0,0.0,0,30.147058823529413,0.6029411764705882,0.0,2050,bad_news,bad_news
Heemstede,52.3528406,4.6217323,12,8.333333333333334,0.08333333333333333,0.08333333333333333,100,25.0,0.25,0.25,300,12.5,0.25,0.0,150,0.0,0.0,0.0,0,0.0,0.0,0.0,0,12.5,0.25,0.0,150,bad_news,bad_news
Heenvliet,51.8637036,4.2445237,1,0.0,0.0,0.0,0,100.0,1.0,1.0,100,50.0,1.0,0.0,50,0.0,0.0,0.0,0,0.0,0.0,0.0,0,0.0,0.0,0.0,0,bad_news,bad_news
Heerde,52.3896323,6.0393181,6,33.333333333333336,0.3333333333333333,0.3333333333333333,200,16.666666666666668,0.16666666666666666,0.16666666666666666,100,16.666666666666668,0.3333333333333333,0.0,100,16.666666666666668,0.16666666666666666,0.16666666666666666,100,0.0,0.0,0.0,0,8.333333333333334,0.16666666666666666,0.0,50,entertainment,entertainment
Heerenveen,52.9568246,5.9270052,472,25.0,0.2521186440677966,0.2478813559322034,11800,10.169491525423728,0.1016949152542373,0.1016949152542373,4800,15.360169491525424,0.2330508474576271,0.07415254237288135,7250,26.694915254237287,0.2690677966101695,0.2648305084745763,12600,1.9067796610169492,0.03177966101694915,0.006355932203389831,900,9.110169491525424,0.1419491525423729,0.04025423728813559,4300,good_news,good_news
Heerhugowaard,52.6631484,4.8326672,53,0.0,0.0,0.0,0,45.283018867924525,0.4528301886792453,0.4528301886792453,2400,21.69811320754717,0.4339622641509434,0.0,1150,7.547169811320755,0.07547169811320754,0.07547169811320754,400,0.0,0.0,0.0,0,17.92452830188679,0.3584905660377358,0.0,950,bad_news,bad_news
Heerle,51.5187982,4.3620451,3,33.333333333333336,0.3333333333333333,0.3333333333333333,100,33.333333333333336,0.3333333333333333,0.3333333333333333,100,16.666666666666668,0.3333333333333333,0.0,50,0.0,0.0,0.0,0,0.0,0.0,0.0,0,0.0,0.0,0.0,0,entertainment,entertainment
Heerlen,50.8876735,5.9773285,51,5.882352941176471,0.058823529411764705,0.058823529411764705,300,25.49019607843137,0.2549019607843137,0.2549019607843137,1300,16.666666666666668,0.29411764705882354,0.0392156862745098,850,1.9607843137254901,0.0196078431372549,0.0196078431372549,100,1.9607843137254901,0.0196078431372549,0.0196078431372549,100,12.745098039215685,0.2549019607843137,0.0,650,bad_news,bad_news
Heesbeen,51.7300657,5.1189188,1,0.0,0.0,0.0,0,0.0,0.0,0.0,0,0.0,0.0,0.0,0,0.0,0.0,0.0,0,0.0,0.0,0.0,0,0.0,0.0,0.0,0,none,none
Heesch,51.73519,5.5266331,3,0.0,0.0,0.0,0,33.333333333333336,0.3333333333333333,0.3333333333333333,100,16.666666666666668,0.3333333333333333,0.0,50,33.333333333333336,0.3333333333333333,0.3333333333333333,100,0.0,0.0,0.0,0,16.666666666666668,0.3333333333333333,0.0,50,bad_news,bad_news
Heeswijk-Dinther,51.6493848,5.4739859,10,30.0,0.3,0.3,300,10.0,0.1,0.1,100,15.0,0.2,0.1,150,20.0,0.2,0.2,200,10.0,0.2,0.0,100,15.0,0.3,0.0,150,entertainment,entertainment
Heeten,52.3326307,6.2811501,1,0.0,0.0,0.0,0,0.0,0.0,0.0,0,0.0,0.0,0.0,0,0.0,0.0,0.0,0,0.0,0.0,0.0,0,0.0,0.0,0.0,0,none,none
Heibloem,51.3011848,5.8952657,2,0.0,0.0,0.0,0,100.0,1.0,1.0,200,50.0,1.0,0.0,100,0.0,0.0,0.0,0,0.0,0.0,0.0,0,0.0,0.0,0.0,0,bad_news,bad_news
Heiloo,52.6050033,4.7125066,11,9.090909090909092,0.09090909090909091,0.09090909090909091,100,0.0,0.0,0.0,0,0.0,0.0,0.0,0,9.090909090909092,0.09090909090909091,0.09090909090909091,100,4.545454545454546,0.09090909090909091,0.0,50,9.090909090909092,0.09090909090909091,0.09090909090909091,100,entertainment,entertainment
Heinkenszand,51.4723969,3.8168553,3,0.0,0.0,0.0,0,0.0,0.0,0.0,0,0.0,0.0,0.0,0,0.0,0.0,0.0,0,0.0,0.0,0.0,0,0.0,0.0,0.0,0,none,none
Heino,52.4358643,6.2337772,4,0.0,0.0,0.0,0,0.0,0.0,0.0,0,0.0,0.0,0.0,0,0.0,0.0,0.0,0,0.0,0.0,0.0,0,0.0,0.0,0.0,0,none,none
Hellendoorn,52.3899376,6.4475132,9,33.333333333333336,0.3333333333333333,0.3333333333333333,300,0.0,0.0,0.0,0,27.77777777777778,0.3333333333333333,0.2222222222222222,250,44.44444444444444,0.4444444444444444,0.4444444444444444,400,5.555555555555555,0.1111111111111111,0.0,50,0.0,0.0,0.0,0,good_news,good_news
Hellevoetsluis,51.833921,4.1436739,26,0.0,0.0,0.0,0,76.92307692307692,0.7692307692307693,0.7692307692307693,2000,38.46153846153846,0.7692307692307693,0.0,1000,0.0,0.0,0.0,0,0.0,0.0,0.0,0,34.61538461538461,0.6923076923076923,0.0,900,bad_news,bad_news
Helmond,51.4790956,5.6557686,65,4.615384615384615,0.046153846153846156,0.046153846153846156,300,35.38461538461539,0.35384615384615387,0.35384615384615387,2300,25.384615384615383,0.4307692307692308,0.07692307692307693,1650,3.076923076923077,0.03076923076923077,0.03076923076923077,200,3.076923076923077,0.03076923076923077,0.03076923076923077,200,14.615384615384615,0.2923076923076923,0.0,950,bad_news,bad_news
Helvoirt,51.6336388,5.2290649,4,0.0,0.0,0.0,0,25.0,0.25,0.25,100,12.5,0.25,0.0,50,0.0,0.0,0.0,0,0.0,0.0,0.0,0,12.5,0.25,0.0,50,bad_news,bad_news
Hendrik-Ido-Ambacht,51.8438893,4.635647,12,50.0,0.5,0.5,600,33.333333333333336,0.3333333333333333,0.3333333333333333,400,25.0,0.4166666666666667,0.08333333333333333,300,0.0,0.0,0.0,0,0.0,0.0,0.0,0,16.666666666666668,0.3333333333333333,0.0,200,entertainment,entertainment
Hengelo,52.0522752,6.3112579,74,8.108108108108109,0.08108108108108109,0.08108108108108109,600,25.675675675675677,0.25675675675675674,0.25675675675675674,1900,24.324324324324323,0.3783783783783784,0.10810810810810811,1800,25.675675675675677,0.25675675675675674,0.25675675675675674,1900,2.7027027027027026,0.04054054054054054,0.013513513513513514,200,11.486486486486486,0.21621621621621623,0.013513513513513514,850,bad_news,bad_news
Hengevelde,52.1995378,6.6382793,3,0.0,0.0,0.0,0,0.0,0.0,0.0,0,0.0,0.0,0.0,0,100.0,1.0,1.0,300,0.0,0.0,0.0,0,0.0,0.0,0.0,0,good_news,good_news
Herkenbosch,51.1548896,6.0660056,7,0.0,0.0,0.0,0,100.0,1.0,1.0,700,50.0,1.0,0.0,350,0.0,0.0,0.0,0,0.0,0.0,0.0,0,50.0,1.0,0.0,350,bad_news,bad_news
Herpen,51.7728234,5.6422866,1,0.0,0.0,0.0,0,0.0,0.0,0.0,0,0.0,0.0,0.0,0,0.0,0.0,0.0,0,0.0,0.0,0.0,0,0.0,0.0,0.0,0,none,none
Herveld,51.9060926,5.7406415,2,50.0,0.5,0.5,100,50.0,0.5,0.5,100,25.0,0.5,0.0,50,0.0,0.0,0.0,0,0.0,0.0,0.0,0,25.0,0.5,0.0,50,entertainment,entertainment
Herwijnen,51.8267226,5.1296799,2,0.0,0.0,0.0,0,50.0,0.5,0.5,100,25.0,0.5,0.0,50,0.0,0.0,0.0,0,0.0,0.0,0.0,0,0.0,0.0,0.0,0,bad_news,bad_news
Herxen,52.4313354,6.1331712,1,0.0,0.0,0.0,0,0.0,0.0,0.0,0,0.0,0.0,0.0,0,0.0,0.0,0.0,0,0.0,0.0,0.0,0,0.0,0.0,0.0,0,none,none
Heteren,51.9554341,5.7573215,2,50.0,0.5,0.5,100,0.0,0.0,0.0,0,0.0,0.0,0.0,0,0.0,0.0,0.0,0,0.0,0.0,0.0,0,0.0,0.0,0.0,0,entertainment,entertainment
Heusden,51.3843889,5.7645319,3,0.0,0.0,0.0,0,0.0,0.0,0.0,0,0.0,0.0,0.0,0,0.0,0.0,0.0,0,0.0,0.0,0.0,0,0.0,0.0,0.0,0,none,none
Hierden,52.355868,5.6760734,2,0.0,0.0,0.0,0,0.0,0.0,0.0,0,0.0,0.0,0.0,0,0.0,0.0,0.0,0,0.0,0.0,0.0,0,0.0,0.0,0.0,0,none,none
Hijum,53.2910036,5.765493,9,0.0,0.0,0.0,0,0.0,0.0,0.0,0,0.0,0.0,0.0,0,0.0,0.0,0.0,0,0.0,0.0,0.0,0,0.0,0.0,0.0,0,none,none
Hillegom,52.2922753,4.5834571,2,0.0,0.0,0.0,0,100.0,1.0,1.0,200,50.0,1.0,0.0,100,0.0,0.0,0.0,0,0.0,0.0,0.0,0,50.0,1.0,0.0,100,bad_news,bad_news
Hilvarenbeek,51.4851583,5.1356804,11,18.181818181818183,0.18181818181818182,0.18181818181818182,200,18.181818181818183,0.18181818181818182,0.18181818181818182,200,9.090909090909092,0.18181818181818182,0.0,100,9.090909090909092,0.09090909090909091,0.09090909090909091,100,0.0,0.0,0.0,0,9.090909090909092,0.18181818181818182,0.0,100,entertainment,entertainment
Hilversum,52.2241375,5.1719396,110,32.72727272727273,0.32727272727272727,0.32727272727272727,3600,18.181818181818183,0.18181818181818182,0.18181818181818182,2000,15.0,0.2545454545454545,0.045454545454545456,1650,12.727272727272727,0.12727272727272726,0.12727272727272726,1400,11.818181818181818,0.12727272727272726,0.10909090909090909,1300,10.909090909090908,0.2,0.01818181818181818,1200,entertainment,entertainment
Hoek,51.3093842,3.7789931,1,100.0,1.0,1.0,100,0.0,0.0,0.0,0,0.0,0.0,0.0,0,0.0,0.0,0.0,0,0.0,0.0,0.0,0,0.0,0.0,0.0,0,entertainment,entertainment
Hoevelaken,52.1757138,5.4577033,9,11.11111111111111,0.1111111111111111,0.1111111111111111,100,11.11111111111111,0.1111111111111111,0.1111111111111111,100,27.77777777777778,0.3333333333333333,0.2222222222222222,250,0.0,0.0,0.0,0,0.0,0.0,0.0,0,5.555555555555555,0.1111111111111111,0.0,50,magnitude,magnitude
Hollandscheveld,52.7062897,6.5337912,1,0.0,0.0,0.0,0,0.0,0.0,0.0,0,0.0,0.0,0.0,0,0.0,0.0,0.0,0,0.0,0.0,0.0,0,0.0,0.0,0.0,0,none,none
Holten,52.2819676,6.4216444,5,0.0,0.0,0.0,0,20.0,0.2,0.2,100,10.0,0.2,0.0,50,20.0,0.2,0.2,100,0.0,0.0,0.0,0,10.0,0.2,0.0,50,bad_news,bad_news
Honselersdijk,52.0093169,4.2300007,1,0.0,0.0,0.0,0,100.0,1.0,1.0,100,50.0,1.0,0.0,50,0.0,0.0,0.0,0,0.0,0.0,0.0,0,50.0,1.0,0.0,50,bad_news,bad_news
Hoofddorp,52.305554,4.6926644,89,3.3707865168539324,0.033707865168539325,0.033707865168539325,300,56.17977528089887,0.5617977528089888,0.5617977528089888,5000,30.337078651685392,0.5842696629213483,0.02247191011235955,2700,2.247191011235955,0.02247191011235955,0.02247191011235955,200,0.0,0.0,0.0,0,26.96629213483146,0.5168539325842697,0.02247191011235955,2400,bad_news,bad_news
Hoog-Keppel,52.0052598,6.1990651,3,0.0,0.0,0.0,0,33.333333333333336,0.3333333333333333,0.3333333333333333,100,83.33333333333333,1.0,0.6666666666666666,250,66.66666666666667,0.6666666666666666,0.6666666666666666,200,0.0,0.0,0.0,0,16.666666666666668,0.3333333333333333,0.0,50,magnitude,magnitude
Hoogeloon,51.3970303,5.2683632,1,0.0,0.0,0.0,0,0.0,0.0,0.0,0,0.0,0.0,0.0,0,0.0,0.0,0.0,0,0.0,0.0,0.0,0,0.0,0.0,0.0,0,none,none
Hoogerheide,51.424339,4.323838,17,29.41176470588235,0.29411764705882354,0.29411764705882354,500,11.764705882352942,0.11764705882352941,0.11764705882352941,200,17.647058823529413,0.29411764705882354,0.058823529411764705,300,29.41176470588235,0.29411764705882354,0.29411764705882354,500,0.0,0.0,0.0,0,14.705882352941176,0.23529411764705882,0.058823529411764705,250,entertainment,entertainment
Hoogeveen,52.7202393,6.4759313,33,18.181818181818183,0.18181818181818182,0.18181818181818182,600,30.303030303030305,0.30303030303030304,0.30303030303030304,1000,19.696969696969695,0.36363636363636365,0.030303030303030304,650,6.0606060606060606,0.06060606060606061,0.06060606060606061,200,15.151515151515152,0.15151515151515152,0.15151515151515152,500,15.151515151515152,0.2727272727272727,0.030303030303030304,500,bad_news,bad_news
Hoogezand,53.1638192,6.7556852,6,0.0,0.0,0.0,0,50.0,0.5,0.5,300,25.0,0.5,0.0,150,0.0,0.0,0.0,0,0.0,0.0,0.0,0,25.0,0.5,0.0,150,bad_news,bad_news
Hoogland,52.1872469,5.3762224,12,41.666666666666664,0.4166666666666667,0.4166666666666667,500,25.0,0.25,0.25,300,25.0,0.4166666666666667,0.08333333333333333,300,41.666666666666664,0.4166666666666667,0.4166666666666667,500,0.0,0.0,0.0,0,41.666666666666664,0.5,0.3333333333333333,500,power_elite,power_elite
Hoogvliet,51.8652855,4.3641111,17,0.0,0.0,0.0,0,41.1764705882353,0.4117647058823529,0.4117647058823529,700,20.58823529411765,0.4117647058823529,0.0,350,0.0,0.0,0.0,0,0.0,0.0,0.0,0,14.705882352941176,0.29411764705882354,0.0,250,bad_news,bad_news
Hoorn,53.3967004,5.3416593,23,0.0,0.0,0.0,0,52.17391304347826,0.5217391304347826,0.5217391304347826,1200,32.608695652173914,0.5652173913043478,0.08695652173913043,750,8.695652173913043,0.08695652173913043,0.08695652173913043,200,0.0,0.0,0.0,0,23.91304347826087,0.4782608695652174,0.0,550,bad_news,bad_news
Horssen,51.8548343,5.6098077,1,0.0,0.0,0.0,0,0.0,0.0,0.0,0,0.0,0.0,0.0,0,0.0,0.0,0.0,0,0.0,0.0,0.0,0,0.0,0.0,0.0,0,none,none
Horst,51.4525002,6.0539238,6,0.0,0.0,0.0,0,83.33333333333333,0.8333333333333334,0.8333333333333334,500,41.666666666666664,0.8333333333333334,0.0,250,0.0,0.0,0.0,0,0.0,0.0,0.0,0,33.333333333333336,0.6666666666666666,0.0,200,bad_news,bad_news
Houten,52.0271433,5.1620637,24,8.333333333333334,0.08333333333333333,0.08333333333333333,200,45.833333333333336,0.4583333333333333,0.4583333333333333,1100,27.083333333333332,0.5,0.041666666666666664,650,12.5,0.125,0.125,300,4.166666666666667,0.041666666666666664,0.041666666666666664,100,22.916666666666668,0.4583333333333333,0.0,550,bad_news,bad_news
Huissen,51.9383502,5.9393769,1,0.0,0.0,0.0,0,100.0,1.0,1.0,100,50.0,1.0,0.0,50,0.0,0.0,0.0,0,0.0,0.0,0.0,0,50.0,1.0,0.0,50,bad_news,bad_news
Huizen,52.2958122,5.2567209,6,0.0,0.0,0.0,0,33.333333333333336,0.3333333333333333,0.3333333333333333,200,33.333333333333336,0.5,0.16666666666666666,200,0.0,0.0,0.0,0,0.0,0.0,0.0,0,16.666666666666668,0.3333333333333333,0.0,100,magnitude,magnitude
Hulst,51.2822909,4.0532016,16,25.0,0.25,0.25,400,31.25,0.3125,0.3125,500,25.0,0.4375,0.0625,400,18.75,0.1875,0.1875,300,0.0,0.0,0.0,0,21.875,0.375,0.0625,350,bad_news,bad_news
Hummelo,52.0053791,6.2350264,2,50.0,0.5,0.5,100,0.0,0.0,0.0,0,0.0,0.0,0.0,0,0.0,0.0,0.0,0,0.0,0.0,0.0,0,0.0,0.0,0.0,0,entertainment,entertainment
IJmuiden,52.4574139,4.6116211,54,3.7037037037037037,0.037037037037037035,0.037037037037037035,200,38.888888888888886,0.3888888888888889,0.3888888888888889,2100,31.48148148148148,0.5185185185185185,0.1111111111111111,1700,14.814814814814815,0.14814814814814814,0.14814814814814814,800,0.0,0.0,0.0,0,19.444444444444443,0.3888888888888889,0.0,1050,bad_news,bad_news
IJsselstein,52.0246381,5.0458792,12,8.333333333333334,0.08333333333333333,0.08333333333333333,100,50.0,0.5,0.5,600,33.333333333333336,0.5833333333333334,0.08333333333333333,400,0.0,0.0,0.0,0,0.0,0.0,0.0,0,20.833333333333332,0.4166666666666667,0.0,250,bad_news,bad_news
Idsegahuizum,53.0425366,5.4190261,1,0.0,0.0,0.0,0,0.0,0.0,0.0,0,0.0,0.0,0.0,0,100.0,1.0,1.0,100,0.0,0.0,0.0,0,0.0,0.0,0.0,0,good_news,good_news
Ittervoort,51.1703398,5.8228256,3,0.0,0.0,0.0,0,66.66666666666667,0.6666666666666666,0.6666666666666666,200,33.333333333333336,0.6666666666666666,0.0,100,0.0,0.0,0.0,0,0.0,0.0,0.0,0,16.666666666666668,0.3333333333333333,0.0,50,bad_news,bad_news
Jelsum,53.2340503,5.7830626,3,0.0,0.0,0.0,0,66.66666666666667,0.6666666666666666,0.6666666666666666,200,33.333333333333336,0.6666666666666666,0.0,100,0.0,0.0,0.0,0,0.0,0.0,0.0,0,16.666666666666668,0.3333333333333333,0.0,50,bad_news,bad_news
Jirnsum,53.0778724,5.7927534,1,0.0,0.0,0.0,0,100.0,1.0,1.0,100,50.0,1.0,0.0,50,0.0,0.0,0.0,0,0.0,0.0,0.0,0,0.0,0.0,0.0,0,bad_news,bad_news
Joure,52.9644286,5.8026709,20,0.0,0.0,0.0,0,75.0,0.75,0.75,1500,37.5,0.75,0.0,750,0.0,0.0,0.0,0,0.0,0.0,0.0,0,37.5,0.75,0.0,750,bad_news,bad_news
Kaag,52.2132601,4.5583307,1,0.0,0.0,0.0,0,0.0,0.0,0.0,0,0.0,0.0,0.0,0,0.0,0.0,0.0,0,0.0,0.0,0.0,0,0.0,0.0,0.0,0,none,none
Kaatsheuvel,51.6598038,5.0319484,8,12.5,0.125,0.125,100,25.0,0.25,0.25,200,18.75,0.375,0.0,150,0.0,0.0,0.0,0,0.0,0.0,0.0,0,6.25,0.125,0.0,50,bad_news,bad_news
Kampen,52.5559484,5.9033303,33,3.0303030303030303,0.030303030303030304,0.030303030303030304,100,21.21212121212121,0.21212121212121213,0.21212121212121213,700,19.696969696969695,0.30303030303030304,0.09090909090909091,650,3.0303030303030303,0.030303030303030304,0.030303030303030304,100,0.0,0.0,0.0,0,10.606060606060606,0.18181818181818182,0.030303030303030304,350,bad_news,bad_news
Kantens,53.3660305,6.6357219,4,0.0,0.0,0.0,0,75.0,0.75,0.75,300,100.0,1.0,1.0,400,0.0,0.0,0.0,0,0.0,0.0,0.0,0,0.0,0.0,0.0,0,magnitude,magnitude
Kapelle,51.4879711,3.96063,3,0.0,0.0,0.0,0,33.333333333333336,0.3333333333333333,0.3333333333333333,100,16.666666666666668,0.3333333333333333,0.0,50,0.0,0.0,0.0,0,0.0,0.0,0.0,0,16.666666666666668,0.3333333333333333,0.0,50,bad_news,bad_news
Katwijk,52.2005078,4.4146372,60,10.0,0.1,0.1,600,26.666666666666668,0.26666666666666666,0.26666666666666666,1600,22.5,0.35,0.1,1350,5.0,0.05,0.05,300,3.3333333333333335,0.03333333333333333,0.03333333333333333,200,15.833333333333334,0.25,0.06666666666666667,950,bad_news,bad_news
Katwoude,52.4678939,5.044006,3,0.0,0.0,0.0,0,100.0,1.0,1.0,300,50.0,1.0,0.0,150,0.0,0.0,0.0,0,0.0,0.0,0.0,0,50.0,1.0,0.0,150,bad_news,bad_news
Keijenborg,52.0306125,6.2968665,1,100.0,1.0,1.0,100,0.0,0.0,0.0,0,0.0,0.0,0.0,0,0.0,0.0,0.0,0,0.0,0.0,0.0,0,0.0,0.0,0.0,0,entertainment,entertainment
Keldonk,51.5879378,5.585635,3,0.0,0.0,0.0,0,100.0,1.0,1.0,300,50.0,1.0,0.0,150,0.0,0.0,0.0,0,0.0,0.0,0.0,0,50.0,1.0,0.0,150,bad_news,bad_news
Kerkdriel,51.7712409,5.33749,1,0.0,0.0,0.0,0,100.0,1.0,1.0,100,50.0,1.0,0.0,50,0.0,0.0,0.0,0,0.0,0.0,0.0,0,50.0,1.0,0.0,50,bad_news,bad_news
Kerkrade,50.8654924,6.0632022,20,20.0,0.2,0.2,400,10.0,0.1,0.1,200,15.0,0.2,0.1,300,7.5,0.1,0.05,150,5.0,0.05,0.05,100,10.0,0.15,0.05,200,entertainment,entertainment
Kessel,51.2912483,6.05734,1,0.0,0.0,0.0,0,0.0,0.0,0.0,0,0.0,0.0,0.0,0,0.0,0.0,0.0,0,0.0,0.0,0.0,0,0.0,0.0,0.0,0,none,none
Kesteren,51.9363785,5.5740706,3,33.333333333333336,0.3333333333333333,0.3333333333333333,100,33.333333333333336,0.3333333333333333,0.3333333333333333,100,16.666666666666668,0.3333333333333333,0.0,50,0.0,0.0,0.0,0,16.666666666666668,0.3333333333333333,0.0,50,16.666666666666668,0.3333333333333333,0.0,50,entertainment,entertainment
Kinderdijk,51.8886955,4.6356972,2,0.0,0.0,0.0,0,50.0,0.5,0.5,100,25.0,0.5,0.0,50,0.0,0.0,0.0,0,0.0,0.0,0.0,0,25.0,0.5,0.0,50,bad_news,bad_news
Klaaswaal,51.7683666,4.4444538,1,100.0,1.0,1.0,100,0.0,0.0,0.0,0,0.0,0.0,0.0,0,100.0,1.0,1.0,100,0.0,0.0,0.0,0,0.0,0.0,0.0,0,entertainment,entertainment
Klarenbeek,52.1662233,6.0612117,2,0.0,0.0,0.0,0,100.0,1.0,1.0,200,50.0,1.0,0.0,100,0.0,0.0,0.0,0,0.0,0.0,0.0,0,50.0,1.0,0.0,100,bad_news,bad_news
Kloetinge,51.4984694,3.9130606,1,0.0,0.0,0.0,0,0.0,0.0,0.0,0,0.0,0.0,0.0,0,0.0,0.0,0.0,0,0.0,0.0,0.0,0,0.0,0.0,0.0,0,none,none
Kloosterzande,51.3675144,4.0104928,2,0.0,0.0,0.0,0,100.0,1.0,1.0,200,50.0,1.0,0.0,100,0.0,0.0,0.0,0,0.0,0.0,0.0,0,50.0,1.0,0.0,100,bad_news,bad_news
Klundert,51.6627188,4.5346644,3,0.0,0.0,0.0,0,0.0,0.0,0.0,0,0.0,0.0,0.0,0,0.0,0.0,0.0,0,0.0,0.0,0.0,0,0.0,0.0,0.0,0,none,none
Knegsel,51.3995457,5.3472854,2,0.0,0.0,0.0,0,50.0,0.5,0.5,100,25.0,0.5,0.0,50,0.0,0.0,0.0,0,0.0,0.0,0.0,0,0.0,0.0,0.0,0,bad_news,bad_news
Kollum,53.279805,6.148734,1,0.0,0.0,0.0,0,0.0,0.0,0.0,0,0.0,0.0,0.0,0,0.0,0.0,0.0,0,0.0,0.0,0.0,0,0.0,0.0,0.0,0,none,none
Kootwijkerbroek,52.1513512,5.6631504,2,0.0,0.0,0.0,0,50.0,0.5,0.5,100,25.0,0.5,0.0,50,0.0,0.0,0.0,0,0.0,0.0,0.0,0,25.0,0.5,0.0,50,bad_news,bad_news
Koudekerke,51.4821967,3.5542879,3,0.0,0.0,0.0,0,33.333333333333336,0.3333333333333333,0.3333333333333333,100,16.666666666666668,0.3333333333333333,0.0,50,0.0,0.0,0.0,0,0.0,0.0,0.0,0,16.666666666666668,0.3333333333333333,0.0,50,bad_news,bad_news
Kranenburg,52.1016339,6.3572792,1,0.0,0.0,0.0,0,100.0,1.0,1.0,100,50.0,1.0,0.0,50,0.0,0.0,0.0,0,0.0,0.0,0.0,0,50.0,1.0,0.0,50,bad_news,bad_news
Kruiningen,51.4488064,4.0340991,1,0.0,0.0,0.0,0,0.0,0.0,0.0,0,0.0,0.0,0.0,0,0.0,0.0,0.0,0,0.0,0.0,0.0,0,0.0,0.0,0.0,0,none,none
Kruisland,51.5688408,4.4068222,2,50.0,0.5,0.5,100,50.0,0.5,0.5,100,25.0,0.5,0.0,50,0.0,0.0,0.0,0,0.0,0.0,0.0,0,25.0,0.5,0.0,50,entertainment,entertainment
Kudelstaart,52.2342834,4.7497339,1,100.0,1.0,1.0,100,0.0,0.0,0.0,0,0.0,0.0,0.0,0,0.0,0.0,0.0,0,0.0,0.0,0.0,0,0.0,0.0,0.0,0,entertainment,entertainment
Kwadendamme,51.4325784,3.8776854,1,0.0,0.0,0.0,0,100.0,1.0,1.0,100,50.0,1.0,0.0,50,0.0,0.0,0.0,0,0.0,0.0,0.0,0,0.0,0.0,0.0,0,bad_news,bad_news
Kwadijk,52.5272369,4.9844677,2,100.0,1.0,1.0,200,0.0,0.0,0.0,0,0.0,0.0,0.0,0,0.0,0.0,0.0,0,100.0,1.0,1.0,200,0.0,0.0,0.0,0,entertainment,entertainment
Lage Zwaluwe,51.708939,4.7043226,3,0.0,0.0,0.0,0,66.66666666666667,0.6666666666666666,0.6666666666666666,200,33.333333333333336,0.6666666666666666,0.0,100,0.0,0.0,0.0,0,0.0,0.0,0.0,0,33.333333333333336,0.6666666666666666,0.0,100,bad_news,bad_news
Landgraaf,50.9080845,6.0264604,25,48.0,0.48,0.48,1200,16.0,0.16,0.16,400,24.0,0.44,0.04,600,20.0,0.2,0.2,500,22.0,0.24,0.2,550,16.0,0.32,0.0,400,entertainment,entertainment
Landsmeer,52.4296098,4.9136088,3,0.0,0.0,0.0,0,33.333333333333336,0.3333333333333333,0.3333333333333333,100,16.666666666666668,0.3333333333333333,0.0,50,0.0,0.0,0.0,0,0.0,0.0,0.0,0,16.666666666666668,0.3333333333333333,0.0,50,bad_news,bad_news
Langbroek,52.011277,5.3259578,2,0.0,0.0,0.0,0,50.0,0.5,0.5,100,75.0,1.0,0.5,150,0.0,0.0,0.0,0,0.0,0.0,0.0,0,25.0,0.5,0.0,50,magnitude,magnitude
Langelo,53.0918625,6.4464547,1,0.0,0.0,0.0,0,100.0,1.0,1.0,100,50.0,1.0,0.0,50,0.0,0.0,0.0,0,0.0,0.0,0.0,0,0.0,0.0,0.0,0,bad_news,bad_news
Langerak,51.9374243,4.8913085,1,0.0,0.0,0.0,0,100.0,1.0,1.0,100,0.0,0.0,0.0,0,0.0,0.0,0.0,0,0.0,0.0,0.0,0,0.0,0.0,0.0,0,bad_news,bad_news
Langeveen,52.4698445,6.712333,1,0.0,0.0,0.0,0,100.0,1.0,1.0,100,50.0,1.0,0.0,50,0.0,0.0,0.0,0,0.0,0.0,0.0,0,50.0,1.0,0.0,50,bad_news,bad_news
Langeweg,51.6489096,4.6644889,1,0.0,0.0,0.0,0,0.0,0.0,0.0,0,0.0,0.0,0.0,0,100.0,1.0,1.0,100,0.0,0.0,0.0,0,0.0,0.0,0.0,0,good_news,good_news
Laren,52.2565894,5.2251925,21,9.523809523809524,0.09523809523809523,0.09523809523809523,200,23.80952380952381,0.23809523809523808,0.23809523809523808,500,21.428571428571427,0.2857142857142857,0.14285714285714285,450,4.761904761904762,0.047619047619047616,0.047619047619047616,100,9.523809523809524,0.09523809523809523,0.09523809523809523,200,4.761904761904762,0.09523809523809523,0.0,100,bad_news,bad_news
Lattrop,52.4268336,6.976317,1,0.0,0.0,0.0,0,0.0,0.0,0.0,0,0.0,0.0,0.0,0,0.0,0.0,0.0,0,0.0,0.0,0.0,0,0.0,0.0,0.0,0,none,none
Lauwersoog,53.4036333,6.2142384,7,42.857142857142854,0.42857142857142855,0.42857142857142855,300,14.285714285714286,0.14285714285714285,0.14285714285714285,100,7.142857142857143,0.14285714285714285,0.0,50,42.857142857142854,0.42857142857142855,0.42857142857142855,300,0.0,0.0,0.0,0,7.142857142857143,0.14285714285714285,0.0,50,entertainment,entertainment
Leek,53.1632327,6.377119,4,50.0,0.5,0.5,200,0.0,0.0,0.0,0,0.0,0.0,0.0,0,0.0,0.0,0.0,0,0.0,0.0,0.0,0,0.0,0.0,0.0,0,entertainment,entertainment
Leende,51.3484037,5.5518897,1,0.0,0.0,0.0,0,0.0,0.0,0.0,0,0.0,0.0,0.0,0,0.0,0.0,0.0,0,0.0,0.0,0.0,0,0.0,0.0,0.0,0,none,none
Leerdam,51.8937356,5.0924352,130,40.0,0.4,0.4,5200,9.23076923076923,0.09230769230769231,0.09230769230769231,1200,13.461538461538462,0.23076923076923078,0.038461538461538464,1750,29.23076923076923,0.3,0.2846153846153846,3800,9.23076923076923,0.12307692307692308,0.06153846153846154,1200,10.76923076923077,0.19230769230769232,0.023076923076923078,1400,entertainment,entertainment
Leeuwarden,53.2005936,5.7918548,177,5.649717514124294,0.05649717514124294,0.05649717514124294,1000,32.20338983050848,0.3220338983050847,0.3220338983050847,5700,23.163841807909606,0.3898305084745763,0.07344632768361582,4100,15.536723163841808,0.15819209039548024,0.15254237288135594,2750,2.542372881355932,0.03389830508474576,0.01694915254237288,450,12.429378531073446,0.23163841807909605,0.01694915254237288,2200,bad_news,bad_news
Leiden,52.1594747,4.4908843,186,7.526881720430108,0.07526881720430108,0.07526881720430108,1400,32.795698924731184,0.3279569892473118,0.3279569892473118,6100,23.655913978494624,0.40860215053763443,0.06451612903225806,4400,8.064516129032258,0.08064516129032258,0.08064516129032258,1500,1.075268817204301,0.016129032258064516,0.005376344086021506,200,16.129032258064516,0.2903225806451613,0.03225806451612903,3000,bad_news,bad_news
Leiderdorp,52.1617952,4.5340923,16,0.0,0.0,0.0,0,31.25,0.3125,0.3125,500,15.625,0.3125,0.0,250,0.0,0.0,0.0,0,0.0,0.0,0.0,0,12.5,0.25,0.0,200,bad_news,bad_news
Leidschendam,52.0861654,4.3946774,23,13.043478260869565,0.13043478260869565,0.13043478260869565,300,47.82608695652174,0.4782608695652174,0.4782608695652174,1100,23.91304347826087,0.4782608695652174,0.0,550,0.0,0.0,0.0,0,0.0,0.0,0.0,0,19.565217391304348,0.391304347826087,0.0,450,bad_news,bad_news
Lekkerkerk,51.8969648,4.6832671,6,0.0,0.0,0.0,0,33.333333333333336,0.3333333333333333,0.3333333333333333,200,33.333333333333336,0.5,0.16666666666666666,200,16.666666666666668,0.16666666666666666,0.16666666666666666,100,0.0,0.0,0.0,0,33.333333333333336,0.5,0.16666666666666666,200,magnitude,magnitude
Lekkum,53.2252413,5.8194535,3,0.0,0.0,0.0,0,66.66666666666667,0.6666666666666666,0.6666666666666666,200,33.333333333333336,0.6666666666666666,0.0,100,0.0,0.0,0.0,0,0.0,0.0,0.0,0,16.666666666666668,0.3333333333333333,0.0,50,bad_news,bad_news
Lelystad,52.5150949,5.4768915,72,0.0,0.0,0.0,0,26.38888888888889,0.2638888888888889,0.2638888888888889,1900,23.61111111111111,0.3611111111111111,0.1111111111111111,1700,0.0,0.0,0.0,0,0.0,0.0,0.0,0,9.722222222222221,0.19444444444444445,0.0,700,bad_news,bad_news
Lemelerveld,52.4442642,6.3396317,1,0.0,0.0,0.0,0,0.0,0.0,0.0,0,0.0,0.0,0.0,0,0.0,0.0,0.0,0,0.0,0.0,0.0,0,0.0,0.0,0.0,0,none,none
Lemmer,52.8444859,5.7099136,5,0.0,0.0,0.0,0,60.0,0.6,0.6,300,30.0,0.6,0.0,150,0.0,0.0,0.0,0,0.0,0.0,0.0,0,20.0,0.2,0.2,100,bad_news,bad_news
Lent,51.8644627,5.8670372,3,0.0,0.0,0.0,0,66.66666666666667,0.6666666666666666,0.6666666666666666,200,33.333333333333336,0.6666666666666666,0.0,100,0.0,0.0,0.0,0,0.0,0.0,0.0,0,33.333333333333336,0.6666666666666666,0.0,100,bad_news,bad_news
Leusden,52.130355,5.4286989,12,33.333333333333336,0.3333333333333333,0.3333333333333333,400,50.0,0.5,0.5,600,25.0,0.5,0.0,300,50.0,0.5,0.5,600,20.833333333333332,0.25,0.16666666666666666,250,41.666666666666664,0.6666666666666666,0.16666666666666666,500,bad_news,bad_news
Lexmond,51.9631624,5.0364321,1,0.0,0.0,0.0,0,0.0,0.0,0.0,0,0.0,0.0,0.0,0,0.0,0.0,0.0,0,0.0,0.0,0.0,0,0.0,0.0,0.0,0,none,none
Lichtenvoorde,51.9890577,6.5716944,15,6.666666666666667,0.06666666666666667,0.06666666666666667,100,46.666666666666664,0.4666666666666667,0.4666666666666667,700,40.0,0.6666666666666666,0.13333333333333333,600,26.666666666666668,0.26666666666666666,0.26666666666666666,400,0.0,0.0,0.0,0,20.0,0.4,0.0,300,bad_news,bad_news
Liempde,51.5705349,5.3713218,1,0.0,0.0,0.0,0,0.0,0.0,0.0,0,0.0,0.0,0.0,0,0.0,0.0,0.0,0,0.0,0.0,0.0,0,0.0,0.0,0.0,0,none,none
Lienden,51.9457517,5.5152908,26,0.0,0.0,0.0,0,0.0,0.0,0.0,0,3.8461538461538463,0.038461538461538464,0.038461538461538464,100,0.0,0.0,0.0,0,0.0,0.0,0.0,0,3.8461538461538463,0.038461538461538464,0.038461538461538464,100,magnitude,magnitude
Lierop,51.4193964,5.6813387,1,100.0,1.0,1.0,100,0.0,0.0,0.0,0,0.0,0.0,0.0,0,0.0,0.0,0.0,0,0.0,0.0,0.0,0,0.0,0.0,0.0,0,entertainment,entertainment
Liessel,51.4143998,5.8211941,2,0.0,0.0,0.0,0,50.0,0.5,0.5,100,25.0,0.5,0.0,50,0.0,0.0,0.0,0,0.0,0.0,0.0,0,25.0,0.5,0.0,50,bad_news,bad_news
Limbricht,51.0120795,5.8384433,2,0.0,0.0,0.0,0,100.0,1.0,1.0,200,50.0,1.0,0.0,100,0.0,0.0,0.0,0,0.0,0.0,0.0,0,0.0,0.0,0.0,0,bad_news,bad_news
Limmen,52.5718803,4.6937182,4,0.0,0.0,0.0,0,0.0,0.0,0.0,0,75.0,0.75,0.75,300,0.0,0.0,0.0,0,0.0,0.0,0.0,0,0.0,0.0,0.0,0,magnitude,magnitude
Lisse,52.2576098,4.5630329,11,9.090909090909092,0.09090909090909091,0.09090909090909091,100,18.181818181818183,0.18181818181818182,0.18181818181818182,200,13.636363636363637,0.2727272727272727,0.0,150,36.36363636363637,0.36363636363636365,0.36363636363636365,400,0.0,0.0,0.0,0,9.090909090909092,0.18181818181818182,0.0,100,good_news,good_news
Lobith,51.8615431,6.1176754,4,0.0,0.0,0.0,0,25.0,0.25,0.25,100,12.5,0.25,0.0,50,0.0,0.0,0.0,0,0.0,0.0,0.0,0,12.5,0.25,0.0,50,bad_news,bad_news
Lochem,52.158471,6.4144888,14,35.714285714285715,0.35714285714285715,0.35714285714285715,500,21.428571428571427,0.21428571428571427,0.21428571428571427,300,10.714285714285714,0.21428571428571427,0.0,150,14.285714285714286,0.14285714285714285,0.14285714285714285,200,7.142857142857143,0.14285714285714285,0.0,100,17.857142857142858,0.35714285714285715,0.0,250,entertainment,entertainment
Loenen,52.1174796,6.018526,4,0.0,0.0,0.0,0,0.0,0.0,0.0,0,0.0,0.0,0.0,0,0.0,0.0,0.0,0,0.0,0.0,0.0,0,0.0,0.0,0.0,0,none,none
Loon,53.0143458,6.6129259,10,20.0,0.2,0.2,200,0.0,0.0,0.0,0,10.0,0.1,0.1,100,20.0,0.2,0.2,200,20.0,0.2,0.2,200,0.0,0.0,0.0,0,entertainment,entertainment
Loosbroek,51.6797186,5.509359,1,0.0,0.0,0.0,0,0.0,0.0,0.0,0,0.0,0.0,0.0,0,100.0,1.0,1.0,100,0.0,0.0,0.0,0,0.0,0.0,0.0,0,good_news,good_news
Lopik,51.9730385,4.9481074,7,71.42857142857143,0.7142857142857143,0.7142857142857143,500,14.285714285714286,0.14285714285714285,0.14285714285714285,100,7.142857142857143,0.14285714285714285,0.0,50,14.285714285714286,0.14285714285714285,0.14285714285714285,100,0.0,0.0,0.0,0,7.142857142857143,0.14285714285714285,0.0,50,entertainment,entertainment
Loppersum,53.3320144,6.7469502,4,0.0,0.0,0.0,0,75.0,0.75,0.75,300,100.0,1.0,1.0,400,0.0,0.0,0.0,0,0.0,0.0,0.0,0,0.0,0.0,0.0,0,magnitude,magnitude
Losser,52.2620369,7.0046452,8,12.5,0.125,0.125,100,25.0,0.25,0.25,200,12.5,0.25,0.0,100,0.0,0.0,0.0,0,0.0,0.0,0.0,0,6.25,0.125,0.0,50,bad_news,bad_news
Lottum,51.4610426,6.1617184,2,50.0,0.5,0.5,100,0.0,0.0,0.0,0,0.0,0.0,0.0,0,0.0,0.0,0.0,0,0.0,0.0,0.0,0,0.0,0.0,0.0,0,entertainment,entertainment
Lunteren,52.0864617,5.6190737,6,0.0,0.0,0.0,0,83.33333333333333,0.8333333333333334,0.8333333333333334,500,33.333333333333336,0.6666666666666666,0.0,200,0.0,0.0,0.0,0,0.0,0.0,0.0,0,8.333333333333334,0.16666666666666666,0.0,50,bad_news,bad_news
Luttelgeest,52.7437636,5.8517956,1,0.0,0.0,0.0,0,100.0,1.0,1.0,100,50.0,1.0,0.0,50,0.0,0.0,0.0,0,0.0,0.0,0.0,0,0.0,0.0,0.0,0,bad_news,bad_news
Luttenberg,52.4063996,6.3654828,2,0.0,0.0,0.0,0,0.0,0.0,0.0,0,0.0,0.0,0.0,0,0.0,0.0,0.0,0,0.0,0.0,0.0,0,0.0,0.0,0.0,0,none,none
Luyksgestel,51.288718,5.3212714,11,63.63636363636363,0.6363636363636364,0.6363636363636364,700,9.090909090909092,0.09090909090909091,0.09090909090909091,100,22.727272727272727,0.36363636363636365,0.09090909090909091,250,54.54545454545455,0.5454545454545454,0.5454545454545454,600,4.545454545454546,0.09090909090909091,0.0,50,9.090909090909092,0.18181818181818182,0.0,100,entertainment,entertainment
Maarheeze,51.3121159,5.6158604,9,0.0,0.0,0.0,0,66.66666666666667,0.6666666666666666,0.6666666666666666,600,33.333333333333336,0.6666666666666666,0.0,300,0.0,0.0,0.0,0,0.0,0.0,0.0,0,33.333333333333336,0.6666666666666666,0.0,300,bad_news,bad_news
Maarsbergen,52.057368,5.4034953,1,0.0,0.0,0.0,0,100.0,1.0,1.0,100,50.0,1.0,0.0,50,0.0,0.0,0.0,0,0.0,0.0,0.0,0,50.0,1.0,0.0,50,bad_news,bad_news
Maarssen,52.1384846,5.040082,27,7.407407407407407,0.07407407407407407,0.07407407407407407,200,29.62962962962963,0.2962962962962963,0.2962962962962963,800,22.22222222222222,0.37037037037037035,0.07407407407407407,600,7.407407407407407,0.07407407407407407,0.07407407407407407,200,0.0,0.0,0.0,0,14.814814814814815,0.2962962962962963,0.0,400,bad_news,bad_news
Maasbommel,51.8215176,5.5342917,1,0.0,0.0,0.0,0,0.0,0.0,0.0,0,0.0,0.0,0.0,0,0.0,0.0,0.0,0,0.0,0.0,0.0,0,0.0,0.0,0.0,0,none,none
Maasbracht,51.1428567,5.8830683,4,0.0,0.0,0.0,0,100.0,1.0,1.0,400,50.0,1.0,0.0,200,0.0,0.0,0.0,0,0.0,0.0,0.0,0,12.5,0.25,0.0,50,bad_news,bad_news
Maasbree,51.3586733,6.047488,1,0.0,0.0,0.0,0,100.0,1.0,1.0,100,50.0,1.0,0.0,50,0.0,0.0,0.0,0,0.0,0.0,0.0,0,50.0,1.0,0.0,50,bad_news,bad_news
Maasland,51.9367248,4.2740314,18,33.333333333333336,0.3333333333333333,0.3333333333333333,600,16.666666666666668,0.16666666666666666,0.16666666666666666,300,11.11111111111111,0.2222222222222222,0.0,200,5.555555555555555,0.05555555555555555,0.05555555555555555,100,5.555555555555555,0.05555555555555555,0.05555555555555555,100,8.333333333333334,0.16666666666666666,0.0,150,entertainment,entertainment
Maassluis,51.9219917,4.2541194,13,7.6923076923076925,0.07692307692307693,0.07692307692307693,100,38.46153846153846,0.38461538461538464,0.38461538461538464,500,42.30769230769231,0.6153846153846154,0.23076923076923078,550,7.6923076923076925,0.07692307692307693,0.07692307692307693,100,0.0,0.0,0.0,0,15.384615384615385,0.3076923076923077,0.0,200,magnitude,magnitude
Maastricht,50.8512438,5.6909768,199,17.08542713567839,0.1708542713567839,0.1708542713567839,3400,24.12060301507538,0.24120603015075376,0.24120603015075376,4800,21.105527638190956,0.33668341708542715,0.08542713567839195,4200,9.547738693467336,0.09547738693467336,0.09547738693467336,1900,5.025125628140704,0.06532663316582915,0.035175879396984924,1000,12.311557788944723,0.21608040201005024,0.03015075376884422,2450,bad_news,bad_news
Macharen,51.804411,5.5447825,1,0.0,0.0,0.0,0,0.0,0.0,0.0,0,0.0,0.0,0.0,0,0.0,0.0,0.0,0,0.0,0.0,0.0,0,0.0,0.0,0.0,0,none,none
Made,51.6773008,4.7931811,1,0.0,0.0,0.0,0,100.0,1.0,1.0,100,50.0,1.0,0.0,50,0.0,0.0,0.0,0,0.0,0.0,0.0,0,0.0,0.0,0.0,0,bad_news,bad_news
Makkinga,52.9803013,6.217107,5,0.0,0.0,0.0,0,100.0,1.0,1.0,500,50.0,1.0,0.0,250,0.0,0.0,0.0,0,0.0,0.0,0.0,0,0.0,0.0,0.0,0,bad_news,bad_news
Makkum,53.0572965,5.4048682,1,0.0,0.0,0.0,0,0.0,0.0,0.0,0,0.0,0.0,0.0,0,0.0,0.0,0.0,0,0.0,0.0,0.0,0,0.0,0.0,0.0,0,none,none
Malden,51.7802241,5.8539184,3,0.0,0.0,0.0,0,33.333333333333336,0.3333333333333333,0.3333333333333333,100,16.666666666666668,0.3333333333333333,0.0,50,33.333333333333336,0.3333333333333333,0.3333333333333333,100,0.0,0.0,0.0,0,16.666666666666668,0.3333333333333333,0.0,50,bad_news,bad_news
Margraten,50.8201564,5.8216625,10,0.0,0.0,0.0,0,0.0,0.0,0.0,0,0.0,0.0,0.0,0,0.0,0.0,0.0,0,0.0,0.0,0.0,0,10.0,0.1,0.1,100,power_elite,power_elite
Mariahout,51.5410252,5.5713434,2,100.0,1.0,1.0,200,0.0,0.0,0.0,0,0.0,0.0,0.0,0,100.0,1.0,1.0,200,50.0,1.0,0.0,100,50.0,1.0,0.0,100,entertainment,entertainment
Mariënberg,52.5104023,6.575102,1,0.0,0.0,0.0,0,100.0,1.0,1.0,100,50.0,1.0,0.0,50,0.0,0.0,0.0,0,0.0,0.0,0.0,0,50.0,1.0,0.0,50,bad_news,bad_news
Markelo,52.2347139,6.4949852,5,20.0,0.2,0.2,100,0.0,0.0,0.0,0,0.0,0.0,0.0,0,50.0,0.6,0.4,250,0.0,0.0,0.0,0,0.0,0.0,0.0,0,good_news,good_news
Marken,52.4578746,5.1068263,1,0.0,0.0,0.0,0,100.0,1.0,1.0,100,50.0,1.0,0.0,50,0.0,0.0,0.0,0,0.0,0.0,0.0,0,0.0,0.0,0.0,0,bad_news,bad_news
Marknesse,52.7086116,5.8626733,1,0.0,0.0,0.0,0,0.0,0.0,0.0,0,0.0,0.0,0.0,0,0.0,0.0,0.0,0,0.0,0.0,0.0,0,0.0,0.0,0.0,0,none,none
Marum,53.1442439,6.2647308,8,0.0,0.0,0.0,0,0.0,0.0,0.0,0,37.5,0.375,0.375,300,0.0,0.0,0.0,0,0.0,0.0,0.0,0,0.0,0.0,0.0,0,magnitude,magnitude
Maurik,51.9608641,5.4233334,1,0.0,0.0,0.0,0,0.0,0.0,0.0,0,0.0,0.0,0.0,0,0.0,0.0,0.0,0,0.0,0.0,0.0,0,0.0,0.0,0.0,0,none,none
Mechelen,50.7963578,5.9255403,5,0.0,0.0,0.0,0,40.0,0.4,0.4,200,20.0,0.4,0.0,100,0.0,0.0,0.0,0,0.0,0.0,0.0,0,20.0,0.4,0.0,100,bad_news,bad_news
Medemblik,52.768691,5.106195,3,0.0,0.0,0.0,0,33.333333333333336,0.3333333333333333,0.3333333333333333,100,16.666666666666668,0.3333333333333333,0.0,50,0.0,0.0,0.0,0,0.0,0.0,0.0,0,16.666666666666668,0.3333333333333333,0.0,50,bad_news,bad_news
Meerkerk,51.9213105,4.9973222,3,0.0,0.0,0.0,0,0.0,0.0,0.0,0,0.0,0.0,0.0,0,0.0,0.0,0.0,0,0.0,0.0,0.0,0,0.0,0.0,0.0,0,none,none
Meerssen,50.8850867,5.7529708,1,0.0,0.0,0.0,0,100.0,1.0,1.0,100,50.0,1.0,0.0,50,0.0,0.0,0.0,0,0.0,0.0,0.0,0,0.0,0.0,0.0,0,bad_news,bad_news
Meppel,52.6938237,6.197767,7,14.285714285714286,0.14285714285714285,0.14285714285714285,100,14.285714285714286,0.14285714285714285,0.14285714285714285,100,7.142857142857143,0.14285714285714285,0.0,50,28.571428571428573,0.2857142857142857,0.2857142857142857,200,0.0,0.0,0.0,0,7.142857142857143,0.14285714285714285,0.0,50,good_news,good_news
Meppen,52.7812658,6.6958864,1,0.0,0.0,0.0,0,0.0,0.0,0.0,0,100.0,1.0,1.0,100,0.0,0.0,0.0,0,0.0,0.0,0.0,0,0.0,0.0,0.0,0,magnitude,magnitude
Meteren,51.8637206,5.2834238,11,0.0,0.0,0.0,0,27.272727272727273,0.2727272727272727,0.2727272727272727,300,13.636363636363637,0.2727272727272727,0.0,150,0.0,0.0,0.0,0,0.0,0.0,0.0,0,13.636363636363637,0.2727272727272727,0.0,150,bad_news,bad_news
Middelbeers,51.4677566,5.2508063,2,0.0,0.0,0.0,0,50.0,0.5,0.5,100,25.0,0.5,0.0,50,0.0,0.0,0.0,0,0.0,0.0,0.0,0,0.0,0.0,0.0,0,bad_news,bad_news
Middelburg,51.4996784,3.6137371,32,6.25,0.0625,0.0625,200,37.5,0.375,0.375,1200,17.1875,0.34375,0.0,550,6.25,0.0625,0.0625,200,0.0,0.0,0.0,0,23.4375,0.40625,0.0625,750,bad_news,bad_news
Middelharnis,51.7576172,4.1656476,2,0.0,0.0,0.0,0,100.0,1.0,1.0,200,50.0,1.0,0.0,100,0.0,0.0,0.0,0,0.0,0.0,0.0,0,0.0,0.0,0.0,0,bad_news,bad_news
Middenbeemster,52.5489163,4.9146226,1,0.0,0.0,0.0,0,100.0,1.0,1.0,100,50.0,1.0,0.0,50,0.0,0.0,0.0,0,0.0,0.0,0.0,0,0.0,0.0,0.0,0,bad_news,bad_news
Midwoud,52.7184236,5.0758874,2,50.0,0.5,0.5,100,0.0,0.0,0.0,0,0.0,0.0,0.0,0,0.0,0.0,0.0,0,50.0,0.5,0.5,100,0.0,0.0,0.0,0,entertainment,entertainment
Mierlo,51.4437624,5.6187496,7,0.0,0.0,0.0,0,42.857142857142854,0.42857142857142855,0.42857142857142855,300,21.428571428571427,0.42857142857142855,0.0,150,0.0,0.0,0.0,0,0.0,0.0,0.0,0,21.428571428571427,0.42857142857142855,0.0,150,bad_news,bad_news
Mijdrecht,52.2060181,4.8648168,3,0.0,0.0,0.0,0,33.333333333333336,0.3333333333333333,0.3333333333333333,100,16.666666666666668,0.3333333333333333,0.0,50,0.0,0.0,0.0,0,0.0,0.0,0.0,0,16.666666666666668,0.3333333333333333,0.0,50,bad_news,bad_news
Mijnsheerenland,51.7987352,4.4874953,1,0.0,0.0,0.0,0,0.0,0.0,0.0,0,0.0,0.0,0.0,0,0.0,0.0,0.0,0,0.0,0.0,0.0,0,0.0,0.0,0.0,0,none,none
Milsbeek,51.7243615,5.9499476,1,0.0,0.0,0.0,0,0.0,0.0,0.0,0,0.0,0.0,0.0,0,0.0,0.0,0.0,0,0.0,0.0,0.0,0,0.0,0.0,0.0,0,none,none
Miste,51.9446123,6.6595521,1,100.0,1.0,1.0,100,0.0,0.0,0.0,0,0.0,0.0,0.0,0,0.0,0.0,0.0,0,0.0,0.0,0.0,0,0.0,0.0,0.0,0,entertainment,entertainment
Moerdijk,51.7030216,4.6256771,28,0.0,0.0,0.0,0,17.857142857142858,0.17857142857142858,0.17857142857142858,500,8.928571428571429,0.17857142857142858,0.0,250,0.0,0.0,0.0,0,0.0,0.0,0.0,0,7.142857142857143,0.14285714285714285,0.0,200,bad_news,bad_news
Moergestel,51.5448378,5.1805818,5,0.0,0.0,0.0,0,100.0,1.0,1.0,500,40.0,0.8,0.0,200,0.0,0.0,0.0,0,0.0,0.0,0.0,0,30.0,0.6,0.0,150,bad_news,bad_news
Molenhoek,51.7662937,5.8716117,1,0.0,0.0,0.0,0,0.0,0.0,0.0,0,0.0,0.0,0.0,0,100.0,1.0,1.0,100,0.0,0.0,0.0,0,0.0,0.0,0.0,0,good_news,good_news
Monnickendam,52.4570766,5.0373214,4,25.0,0.25,0.25,100,0.0,0.0,0.0,0,0.0,0.0,0.0,0,0.0,0.0,0.0,0,0.0,0.0,0.0,0,0.0,0.0,0.0,0,entertainment,entertainment
Montfoort,52.0441945,4.9514009,2,0.0,0.0,0.0,0,0.0,0.0,0.0,0,0.0,0.0,0.0,0,0.0,0.0,0.0,0,0.0,0.0,0.0,0,0.0,0.0,0.0,0,none,none
Montfort,51.1294393,5.94533,5,0.0,0.0,0.0,0,100.0,1.0,1.0,500,50.0,1.0,0.0,250,0.0,0.0,0.0,0,0.0,0.0,0.0,0,50.0,1.0,0.0,250,bad_news,bad_news
Moordrecht,51.9865065,4.6698314,1,0.0,0.0,0.0,0,100.0,1.0,1.0,100,50.0,1.0,0.0,50,0.0,0.0,0.0,0,0.0,0.0,0.0,0,0.0,0.0,0.0,0,bad_news,bad_news
Muiden,52.3301851,5.0692658,8,0.0,0.0,0.0,0,75.0,0.75,0.75,600,37.5,0.75,0.0,300,0.0,0.0,0.0,0,0.0,0.0,0.0,0,18.75,0.375,0.0,150,bad_news,bad_news
Muiderberg,52.3268624,5.1170818,6,50.0,0.5,0.5,300,33.333333333333336,0.3333333333333333,0.3333333333333333,200,16.666666666666668,0.3333333333333333,0.0,100,0.0,0.0,0.0,0,33.333333333333336,0.3333333333333333,0.3333333333333333,200,16.666666666666668,0.3333333333333333,0.0,100,entertainment,entertainment
Munstergeleen,50.9765279,5.8628416,2,0.0,0.0,0.0,0,100.0,1.0,1.0,200,50.0,1.0,0.0,100,0.0,0.0,0.0,0,0.0,0.0,0.0,0,50.0,1.0,0.0,100,bad_news,bad_news
Musselkanaal,52.930435,7.0221573,1,0.0,0.0,0.0,0,0.0,0.0,0.0,0,0.0,0.0,0.0,0,0.0,0.0,0.0,0,0.0,0.0,0.0,0,0.0,0.0,0.0,0,none,none
Naaldwijk,51.9930016,4.2074197,3,0.0,0.0,0.0,0,33.333333333333336,0.3333333333333333,0.3333333333333333,100,16.666666666666668,0.3333333333333333,0.0,50,0.0,0.0,0.0,0,0.0,0.0,0.0,0,16.666666666666668,0.3333333333333333,0.0,50,bad_news,bad_news
Naarden,52.2957628,5.1633636,7,0.0,0.0,0.0,0,14.285714285714286,0.14285714285714285,0.14285714285714285,100,21.428571428571427,0.2857142857142857,0.14285714285714285,150,0.0,0.0,0.0,0,0.0,0.0,0.0,0,7.142857142857143,0.14285714285714285,0.0,50,magnitude,magnitude
Nederweert,51.2856418,5.7496037,2,0.0,0.0,0.0,0,0.0,0.0,0.0,0,0.0,0.0,0.0,0,50.0,0.5,0.5,100,0.0,0.0,0.0,0,0.0,0.0,0.0,0,good_news,good_news
Neede,52.1350286,6.6113394,1,0.0,0.0,0.0,0,0.0,0.0,0.0,0,0.0,0.0,0.0,0,0.0,0.0,0.0,0,0.0,0.0,0.0,0,0.0,0.0,0.0,0,none,none
Nieuw-Beijerland,51.8103814,4.3417551,5,0.0,0.0,0.0,0,60.0,0.6,0.6,300,30.0,0.6,0.0,150,0.0,0.0,0.0,0,0.0,0.0,0.0,0,20.0,0.4,0.0,100,bad_news,bad_news
Nieuw-Vennep,52.2646243,4.6340331,34,8.823529411764707,0.08823529411764706,0.08823529411764706,300,20.58823529411765,0.20588235294117646,0.20588235294117646,700,13.235294117647058,0.23529411764705882,0.029411764705882353,450,17.647058823529413,0.17647058823529413,0.17647058823529413,600,0.0,0.0,0.0,0,8.823529411764707,0.17647058823529413,0.0,300,bad_news,bad_news
Nieuw-Weerdinge,52.8573979,6.9878143,1,0.0,0.0,0.0,0,0.0,0.0,0.0,0,0.0,0.0,0.0,0,0.0,0.0,0.0,0,0.0,0.0,0.0,0,0.0,0.0,0.0,0,none,none
Nieuwegein,52.0367152,5.0836117,82,1.2195121951219512,0.012195121951219513,0.012195121951219513,100,48.78048780487805,0.4878048780487805,0.4878048780487805,4000,29.26829268292683,0.5365853658536586,0.04878048780487805,2400,2.4390243902439024,0.024390243902439025,0.024390243902439025,200,0.0,0.0,0.0,0,18.29268292682927,0.36585365853658536,0.0,1500,bad_news,bad_news
Nieuwerkerk,51.6492243,4.0006743,6,16.666666666666668,0.16666666666666666,0.16666666666666666,100,33.333333333333336,0.3333333333333333,0.3333333333333333,200,16.666666666666668,0.3333333333333333,0.0,100,0.0,0.0,0.0,0,0.0,0.0,0.0,0,8.333333333333334,0.16666666666666666,0.0,50,bad_news,bad_news
Nieuwersluis,52.196668,5.0077712,1,0.0,0.0,0.0,0,0.0,0.0,0.0,0,0.0,0.0,0.0,0,0.0,0.0,0.0,0,0.0,0.0,0.0,0,0.0,0.0,0.0,0,none,none
Nieuwkoop,52.1500947,4.7761706,18,0.0,0.0,0.0,0,50.0,0.5,0.5,900,25.0,0.4444444444444444,0.05555555555555555,450,11.11111111111111,0.1111111111111111,0.1111111111111111,200,0.0,0.0,0.0,0,19.444444444444443,0.3888888888888889,0.0,350,bad_news,bad_news
Nieuwkuijk,51.6913468,5.1805252,2,0.0,0.0,0.0,0,50.0,0.5,0.5,100,25.0,0.5,0.0,50,0.0,0.0,0.0,0,0.0,0.0,0.0,0,25.0,0.5,0.0,50,bad_news,bad_news
Nieuwland,51.9018805,5.0133496,1,0.0,0.0,0.0,0,0.0,0.0,0.0,0,0.0,0.0,0.0,0,100.0,1.0,1.0,100,0.0,0.0,0.0,0,0.0,0.0,0.0,0,good_news,good_news
Nieuwlande,52.6957431,6.6110453,2,0.0,0.0,0.0,0,100.0,1.0,1.0,200,50.0,1.0,0.0,100,0.0,0.0,0.0,0,0.0,0.0,0.0,0,25.0,0.5,0.0,50,bad_news,bad_news
Nieuwleusen,52.5831257,6.286441,4,0.0,0.0,0.0,0,50.0,0.5,0.5,200,25.0,0.5,0.0,100,0.0,0.0,0.0,0,0.0,0.0,0.0,0,25.0,0.5,0.0,100,bad_news,bad_news
Nieuwpoort,51.9353893,4.868505,4,0.0,0.0,0.0,0,0.0,0.0,0.0,0,25.0,0.25,0.25,100,0.0,0.0,0.0,0,0.0,0.0,0.0,0,25.0,0.25,0.25,100,magnitude,magnitude
Nijbroek,52.2919545,6.062797,1,0.0,0.0,0.0,0,0.0,0.0,0.0,0,0.0,0.0,0.0,0,0.0,0.0,0.0,0,0.0,0.0,0.0,0,0.0,0.0,0.0,0,none,none
Nijeholtpade,52.9129243,6.0785117,2,0.0,0.0,0.0,0,100.0,1.0,1.0,200,50.0,1.0,0.0,100,0.0,0.0,0.0,0,0.0,0.0,0.0,0,0.0,0.0,0.0,0,bad_news,bad_news
Nijeveen,52.7335989,6.1685657,1,0.0,0.0,0.0,0,0.0,0.0,0.0,0,0.0,0.0,0.0,0,0.0,0.0,0.0,0,0.0,0.0,0.0,0,0.0,0.0,0.0,0,none,none
Nijkerk,52.2219471,5.4824871,7,14.285714285714286,0.14285714285714285,0.14285714285714285,100,28.571428571428573,0.2857142857142857,0.2857142857142857,200,14.285714285714286,0.2857142857142857,0.0,100,0.0,0.0,0.0,0,0.0,0.0,0.0,0,7.142857142857143,0.14285714285714285,0.0,50,bad_news,bad_news
Nijland,53.0510398,5.5758194,3,0.0,0.0,0.0,0,0.0,0.0,0.0,0,0.0,0.0,0.0,0,0.0,0.0,0.0,0,0.0,0.0,0.0,0,0.0,0.0,0.0,0,none,none
Nijmegen,51.8474946,5.8637771,277,6.137184115523466,0.061371841155234655,0.061371841155234655,1700,23.826714801444044,0.23826714801444043,0.23826714801444043,6600,18.231046931407942,0.30324909747292417,0.061371841155234655,5050,7.9422382671480145,0.07942238267148015,0.07942238267148015,2200,1.263537906137184,0.018050541516245487,0.007220216606498195,350,13.898916967509026,0.24187725631768953,0.036101083032490974,3850,bad_news,bad_news
Nijverdal,52.3592015,6.4654075,14,0.0,0.0,0.0,0,57.142857142857146,0.5714285714285714,0.5714285714285714,800,28.571428571428573,0.5714285714285714,0.0,400,0.0,0.0,0.0,0,0.0,0.0,0.0,0,25.0,0.5,0.0,350,bad_news,bad_news
Nispen,51.4823484,4.4616139,6,0.0,0.0,0.0,0,0.0,0.0,0.0,0,0.0,0.0,0.0,0,0.0,0.0,0.0,0,0.0,0.0,0.0,0,0.0,0.0,0.0,0,none,none
Nisse,51.4572483,3.8537696,1,100.0,1.0,1.0,100,0.0,0.0,0.0,0,0.0,0.0,0.0,0,0.0,0.0,0.0,0,0.0,0.0,0.0,0,0.0,0.0,0.0,0,entertainment,entertainment
Nistelrode,51.7046122,5.5614154,4,0.0,0.0,0.0,0,75.0,0.75,0.75,300,37.5,0.75,0.0,150,0.0,0.0,0.0,0,0.0,0.0,0.0,0,37.5,0.75,0.0,150,bad_news,bad_news
Noordeloos,51.9038757,4.9427289,1,0.0,0.0,0.0,0,0.0,0.0,0.0,0,0.0,0.0,0.0,0,0.0,0.0,0.0,0,0.0,0.0,0.0,0,100.0,1.0,1.0,100,power_elite,power_elite
Noorden,52.1662661,4.8270914,12,0.0,0.0,0.0,0,58.333333333333336,0.5833333333333334,0.5833333333333334,700,29.166666666666668,0.5833333333333334,0.0,350,0.0,0.0,0.0,0,0.0,0.0,0.0,0,25.0,0.5,0.0,300,bad_news,bad_news
Noordhoek,51.6426051,4.5334995,1,0.0,0.0,0.0,0,0.0,0.0,0.0,0,0.0,0.0,0.0,0,100.0,1.0,1.0,100,0.0,0.0,0.0,0,0.0,0.0,0.0,0,good_news,good_news
Noordhorn,53.2594179,6.3957891,1,0.0,0.0,0.0,0,0.0,0.0,0.0,0,0.0,0.0,0.0,0,0.0,0.0,0.0,0,0.0,0.0,0.0,0,0.0,0.0,0.0,0,none,none
Noordwijk,52.2410856,4.4461969,67,8.955223880597014,0.08955223880597014,0.08955223880597014,600,13.432835820895523,0.13432835820895522,0.13432835820895522,900,20.895522388059703,0.29850746268656714,0.11940298507462686,1400,13.432835820895523,0.13432835820895522,0.13432835820895522,900,1.492537313432836,0.014925373134328358,0.014925373134328358,100,14.17910447761194,0.19402985074626866,0.08955223880597014,950,magnitude,magnitude
Noordwijkerhout,52.2629093,4.490519,3,0.0,0.0,0.0,0,33.333333333333336,0.3333333333333333,0.3333333333333333,100,16.666666666666668,0.3333333333333333,0.0,50,33.333333333333336,0.3333333333333333,0.3333333333333333,100,0.0,0.0,0.0,0,16.666666666666668,0.3333333333333333,0.0,50,bad_news,bad_news
Nootdorp,52.0426094,4.3930456,6,0.0,0.0,0.0,0,16.666666666666668,0.16666666666666666,0.16666666666666666,100,8.333333333333334,0.16666666666666666,0.0,50,83.33333333333333,0.8333333333333334,0.8333333333333334,500,25.0,0.3333333333333333,0.16666666666666666,150,16.666666666666668,0.3333333333333333,0.0,100,good_news,good_news
Norg,53.0663318,6.4594921,4,0.0,0.0,0.0,0,25.0,0.25,0.25,100,12.5,0.25,0.0,50,0.0,0.0,0.0,0,0.0,0.0,0.0,0,0.0,0.0,0.0,0,bad_news,bad_news
Nuenen,51.4743021,5.5490439,9,0.0,0.0,0.0,0,0.0,0.0,0.0,0,11.11111111111111,0.1111111111111111,0.1111111111111111,100,11.11111111111111,0.1111111111111111,0.1111111111111111,100,0.0,0.0,0.0,0,0.0,0.0,0.0,0,magnitude,magnitude
Nuis,53.1514836,6.3011876,16,18.75,0.1875,0.1875,300,18.75,0.1875,0.1875,300,31.25,0.4375,0.1875,500,12.5,0.125,0.125,200,0.0,0.0,0.0,0,6.25,0.125,0.0,100,magnitude,magnitude
Numansdorp,51.7266233,4.4374377,6,0.0,0.0,0.0,0,50.0,0.5,0.5,300,25.0,0.5,0.0,150,16.666666666666668,0.16666666666666666,0.16666666666666666,100,0.0,0.0,0.0,0,33.333333333333336,0.5,0.16666666666666666,200,bad_news,bad_news
Nunspeet,52.378571,5.780886,52,1.9230769230769231,0.019230769230769232,0.019230769230769232,100,61.53846153846154,0.6153846153846154,0.6153846153846154,3200,34.61538461538461,0.6538461538461539,0.038461538461538464,1800,0.0,0.0,0.0,0,0.0,0.0,0.0,0,11.538461538461538,0.23076923076923078,0.0,600,bad_news,bad_news
Obdam,52.6761592,4.9083961,3,0.0,0.0,0.0,0,33.333333333333336,0.3333333333333333,0.3333333333333333,100,16.666666666666668,0.3333333333333333,0.0,50,0.0,0.0,0.0,0,0.0,0.0,0.0,0,16.666666666666668,0.3333333333333333,0.0,50,bad_news,bad_news
Ochten,51.9075735,5.5670692,2,0.0,0.0,0.0,0,100.0,1.0,1.0,200,50.0,1.0,0.0,100,0.0,0.0,0.0,0,0.0,0.0,0.0,0,0.0,0.0,0.0,0,bad_news,bad_news
Odijk,52.0493994,5.2345455,3,0.0,0.0,0.0,0,33.333333333333336,0.3333333333333333,0.3333333333333333,100,16.666666666666668,0.3333333333333333,0.0,50,0.0,0.0,0.0,0,0.0,0.0,0.0,0,16.666666666666668,0.3333333333333333,0.0,50,bad_news,bad_news
Odoorn,52.85161,6.8463701,1,0.0,0.0,0.0,0,0.0,0.0,0.0,0,0.0,0.0,0.0,0,0.0,0.0,0.0,0,0.0,0.0,0.0,0,0.0,0.0,0.0,0,none,none
Oegstgeest,52.185433,4.4738856,3,0.0,0.0,0.0,0,33.333333333333336,0.3333333333333333,0.3333333333333333,100,16.666666666666668,0.3333333333333333,0.0,50,33.333333333333336,0.3333333333333333,0.3333333333333333,100,0.0,0.0,0.0,0,16.666666666666668,0.3333333333333333,0.0,50,bad_news,bad_news
Oene,52.3438804,6.0472267,3,0.0,0.0,0.0,0,66.66666666666667,0.6666666666666666,0.6666666666666666,200,33.333333333333336,0.6666666666666666,0.0,100,0.0,0.0,0.0,0,0.0,0.0,0.0,0,33.333333333333336,0.6666666666666666,0.0,100,bad_news,bad_news
Oirschot,51.5035638,5.310242,18,16.666666666666668,0.16666666666666666,0.16666666666666666,300,16.666666666666668,0.16666666666666666,0.16666666666666666,300,13.88888888888889,0.2222222222222222,0.05555555555555555,250,0.0,0.0,0.0,0,0.0,0.0,0.0,0,8.333333333333334,0.16666666666666666,0.0,150,entertainment,entertainment
Oisterwijk,51.5778742,5.1938101,19,0.0,0.0,0.0,0,36.8421052631579,0.3684210526315789,0.3684210526315789,700,23.68421052631579,0.42105263157894735,0.05263157894736842,450,5.2631578947368425,0.05263157894736842,0.05263157894736842,100,0.0,0.0,0.0,0,15.789473684210526,0.3157894736842105,0.0,300,bad_news,bad_news
Oldebroek,52.4456113,5.8990715,5,0.0,0.0,0.0,0,0.0,0.0,0.0,0,0.0,0.0,0.0,0,0.0,0.0,0.0,0,0.0,0.0,0.0,0,0.0,0.0,0.0,0,none,none
Oldehove,53.3036857,6.3958119,1,0.0,0.0,0.0,0,0.0,0.0,0.0,0,0.0,0.0,0.0,0,0.0,0.0,0.0,0,0.0,0.0,0.0,0,0.0,0.0,0.0,0,none,none
Oldenzaal,52.3116616,6.9241615,18,0.0,0.0,0.0,0,27.77777777777778,0.2777777777777778,0.2777777777777778,500,25.0,0.3888888888888889,0.1111111111111111,450,5.555555555555555,0.05555555555555555,0.05555555555555555,100,0.0,0.0,0.0,0,11.11111111111111,0.2222222222222222,0.0,200,bad_news,bad_news
Olst,52.3370093,6.110796,2,0.0,0.0,0.0,0,0.0,0.0,0.0,0,0.0,0.0,0.0,0,0.0,0.0,0.0,0,0.0,0.0,0.0,0,0.0,0.0,0.0,0,none,none
Ommel,51.4224766,5.7484872,3,0.0,0.0,0.0,0,33.333333333333336,0.3333333333333333,0.3333333333333333,100,16.666666666666668,0.3333333333333333,0.0,50,0.0,0.0,0.0,0,0.0,0.0,0.0,0,16.666666666666668,0.3333333333333333,0.0,50,bad_news,bad_news
Ommen,52.5208023,6.4251941,15,6.666666666666667,0.06666666666666667,0.06666666666666667,100,0.0,0.0,0.0,0,0.0,0.0,0.0,0,6.666666666666667,0.06666666666666667,0.06666666666666667,100,0.0,0.0,0.0,0,6.666666666666667,0.06666666666666667,0.06666666666666667,100,entertainment,entertainment
Onstwedde,53.0367909,7.0388943,3,0.0,0.0,0.0,0,33.333333333333336,0.3333333333333333,0.3333333333333333,100,16.666666666666668,0.3333333333333333,0.0,50,0.0,0.0,0.0,0,0.0,0.0,0.0,0,0.0,0.0,0.0,0,bad_news,bad_news
Oostendorp,52.4436619,5.8550114,2,0.0,0.0,0.0,0,50.0,0.5,0.5,100,25.0,0.5,0.0,50,0.0,0.0,0.0,0,0.0,0.0,0.0,0,25.0,0.5,0.0,50,bad_news,bad_news
Oosterbeek,51.9884489,5.8420484,2,0.0,0.0,0.0,0,100.0,1.0,1.0,200,50.0,1.0,0.0,100,0.0,0.0,0.0,0,0.0,0.0,0.0,0,25.0,0.5,0.0,50,bad_news,bad_news
Oosterhesselen,52.7553154,6.7194646,1,0.0,0.0,0.0,0,0.0,0.0,0.0,0,0.0,0.0,0.0,0,0.0,0.0,0.0,0,0.0,0.0,0.0,0,0.0,0.0,0.0,0,none,none
Oosterhout,51.8800369,5.8270267,42,0.0,0.0,0.0,0,64.28571428571429,0.6428571428571429,0.6428571428571429,2700,44.04761904761905,0.7619047619047619,0.11904761904761904,1850,2.380952380952381,0.023809523809523808,0.023809523809523808,100,0.0,0.0,0.0,0,29.761904761904763,0.5952380952380952,0.0,1250,bad_news,bad_news
Oosterwolde,52.4632906,5.8946206,7,0.0,0.0,0.0,0,57.142857142857146,0.5714285714285714,0.5714285714285714,400,28.571428571428573,0.5714285714285714,0.0,200,0.0,0.0,0.0,0,0.0,0.0,0.0,0,0.0,0.0,0.0,0,bad_news,bad_news
Oostkapelle,51.5654515,3.5509041,3,66.66666666666667,0.6666666666666666,0.6666666666666666,200,0.0,0.0,0.0,0,0.0,0.0,0.0,0,0.0,0.0,0.0,0,0.0,0.0,0.0,0,0.0,0.0,0.0,0,entertainment,entertainment
Oostrum,51.5291637,6.0184647,1,0.0,0.0,0.0,0,0.0,0.0,0.0,0,0.0,0.0,0.0,0,0.0,0.0,0.0,0,0.0,0.0,0.0,0,0.0,0.0,0.0,0,none,none
Oostwoud,52.7255098,5.092097,2,0.0,0.0,0.0,0,100.0,1.0,1.0,200,50.0,1.0,0.0,100,0.0,0.0,0.0,0,0.0,0.0,0.0,0,50.0,1.0,0.0,100,bad_news,bad_news
Oostzaan,52.4387666,4.8753615,6,33.333333333333336,0.3333333333333333,0.3333333333333333,200,0.0,0.0,0.0,0,0.0,0.0,0.0,0,16.666666666666668,0.16666666666666666,0.16666666666666666,100,0.0,0.0,0.0,0,0.0,0.0,0.0,0,entertainment,entertainment
Ootmarsum,52.4075801,6.8968922,2,0.0,0.0,0.0,0,50.0,0.5,0.5,100,25.0,0.5,0.0,50,0.0,0.0,0.0,0,0.0,0.0,0.0,0,25.0,0.5,0.0,50,bad_news,bad_news
Ophemert,51.8450612,5.3873509,1,0.0,0.0,0.0,0,0.0,0.0,0.0,0,0.0,0.0,0.0,0,0.0,0.0,0.0,0,0.0,0.0,0.0,0,0.0,0.0,0.0,0,none,none
Opmeer,52.7031902,4.9478361,3,0.0,0.0,0.0,0,66.66666666666667,0.6666666666666666,0.6666666666666666,200,33.333333333333336,0.6666666666666666,0.0,100,0.0,0.0,0.0,0,0.0,0.0,0.0,0,33.333333333333336,0.6666666666666666,0.0,100,bad_news,bad_news
Oranje,52.908017,6.4442298,1,0.0,0.0,0.0,0,0.0,0.0,0.0,0,0.0,0.0,0.0,0,0.0,0.0,0.0,0,0.0,0.0,0.0,0,0.0,0.0,0.0,0,none,none
Oranjewoud,52.950123,5.9622367,1,100.0,1.0,1.0,100,0.0,0.0,0.0,0,0.0,0.0,0.0,0,0.0,0.0,0.0,0,0.0,0.0,0.0,0,0.0,0.0,0.0,0,entertainment,entertainment
Oss,51.7696387,5.5253912,59,6.779661016949152,0.06779661016949153,0.06779661016949153,400,50.847457627118644,0.5084745762711864,0.5084745762711864,3000,28.8135593220339,0.5423728813559322,0.03389830508474576,1700,5.084745762711864,0.05084745762711865,0.05084745762711865,300,0.0,0.0,0.0,0,22.033898305084747,0.4406779661016949,0.0,1300,bad_news,bad_news
Ossendrecht,51.3955742,4.3266976,4,0.0,0.0,0.0,0,50.0,0.5,0.5,200,25.0,0.5,0.0,100,25.0,0.25,0.25,100,0.0,0.0,0.0,0,12.5,0.25,0.0,50,bad_news,bad_news
Ossenzijl,52.8084097,5.9195441,1,0.0,0.0,0.0,0,100.0,1.0,1.0,100,50.0,1.0,0.0,50,0.0,0.0,0.0,0,0.0,0.0,0.0,0,50.0,1.0,0.0,50,bad_news,bad_news
Ottersum,51.7025323,5.9824022,1,0.0,0.0,0.0,0,0.0,0.0,0.0,0,0.0,0.0,0.0,0,0.0,0.0,0.0,0,0.0,0.0,0.0,0,0.0,0.0,0.0,0,none,none
Oud-Alblas,51.8582469,4.7035311,2,0.0,0.0,0.0,0,50.0,0.5,0.5,100,25.0,0.5,0.0,50,0.0,0.0,0.0,0,0.0,0.0,0.0,0,25.0,0.5,0.0,50,bad_news,bad_news
Oud-Beijerland,51.8214436,4.4164728,8,0.0,0.0,0.0,0,25.0,0.25,0.25,200,12.5,0.25,0.0,100,0.0,0.0,0.0,0,0.0,0.0,0.0,0,6.25,0.125,0.0,50,bad_news,bad_news
Oud-Zuilen,52.1281213,5.0696241,1,100.0,1.0,1.0,100,0.0,0.0,0.0,0,0.0,0.0,0.0,0,0.0,0.0,0.0,0,0.0,0.0,0.0,0,0.0,0.0,0.0,0,entertainment,entertainment
Oude Pekela,53.1074318,7.013857,2,0.0,0.0,0.0,0,100.0,1.0,1.0,200,50.0,1.0,0.0,100,0.0,0.0,0.0,0,0.0,0.0,0.0,0,25.0,0.5,0.0,50,bad_news,bad_news
Oude-Tonge,51.6906667,4.2124075,7,0.0,0.0,0.0,0,0.0,0.0,0.0,0,0.0,0.0,0.0,0,0.0,0.0,0.0,0,0.0,0.0,0.0,0,0.0,0.0,0.0,0,none,none
Oudenbosch,51.5889415,4.5278916,3,66.66666666666667,0.6666666666666666,0.6666666666666666,200,33.333333333333336,0.3333333333333333,0.3333333333333333,100,16.666666666666668,0.3333333333333333,0.0,50,0.0,0.0,0.0,0,0.0,0.0,0.0,0,16.666666666666668,0.3333333333333333,0.0,50,entertainment,entertainment
Oudeschild,53.0383886,4.8456912,4,0.0,0.0,0.0,0,100.0,1.0,1.0,400,50.0,1.0,0.0,200,0.0,0.0,0.0,0,0.0,0.0,0.0,0,0.0,0.0,0.0,0,bad_news,bad_news
Oudewater,52.022606,4.8701303,4,25.0,0.25,0.25,100,0.0,0.0,0.0,0,0.0,0.0,0.0,0,25.0,0.25,0.25,100,0.0,0.0,0.0,0,0.0,0.0,0.0,0,entertainment,entertainment
Oudheusden,51.7251483,5.1365157,2,0.0,0.0,0.0,0,50.0,0.5,0.5,100,25.0,0.5,0.0,50,0.0,0.0,0.0,0,0.0,0.0,0.0,0,25.0,0.5,0.0,50,bad_news,bad_news
Ouwerkerk,51.6252777,3.983732,2,0.0,0.0,0.0,0,0.0,0.0,0.0,0,0.0,0.0,0.0,0,0.0,0.0,0.0,0,0.0,0.0,0.0,0,0.0,0.0,0.0,0,none,none
Overdinkel,52.2350581,7.0368297,5,0.0,0.0,0.0,0,80.0,0.8,0.8,400,40.0,0.8,0.0,200,0.0,0.0,0.0,0,0.0,0.0,0.0,0,40.0,0.8,0.0,200,bad_news,bad_news
Overveen,52.3934144,4.6115554,2,0.0,0.0,0.0,0,0.0,0.0,0.0,0,0.0,0.0,0.0,0,0.0,0.0,0.0,0,0.0,0.0,0.0,0,0.0,0.0,0.0,0,none,none
Panningen,51.3287995,5.9819406,2,0.0,0.0,0.0,0,50.0,0.5,0.5,100,25.0,0.5,0.0,50,0.0,0.0,0.0,0,0.0,0.0,0.0,0,25.0,0.5,0.0,50,bad_news,bad_news
Papendrecht,51.8348695,4.6937293,2,0.0,0.0,0.0,0,50.0,0.5,0.5,100,25.0,0.5,0.0,50,0.0,0.0,0.0,0,0.0,0.0,0.0,0,0.0,0.0,0.0,0,bad_news,bad_news
Peize,53.148934,6.4933571,3,100.0,1.0,1.0,300,0.0,0.0,0.0,0,0.0,0.0,0.0,0,16.666666666666668,0.3333333333333333,0.0,50,0.0,0.0,0.0,0,0.0,0.0,0.0,0,entertainment,entertainment
Pernis,51.8890881,4.3877215,13,7.6923076923076925,0.07692307692307693,0.07692307692307693,100,46.15384615384615,0.46153846153846156,0.46153846153846156,600,53.84615384615385,0.7692307692307693,0.3076923076923077,700,0.0,0.0,0.0,0,0.0,0.0,0.0,0,23.076923076923077,0.46153846153846156,0.0,300,magnitude,magnitude
Philippine,51.2812037,3.7580032,2,0.0,0.0,0.0,0,50.0,0.5,0.5,100,25.0,0.5,0.0,50,0.0,0.0,0.0,0,0.0,0.0,0.0,0,25.0,0.5,0.0,50,bad_news,bad_news
Pieterburen,53.4005626,6.4492506,9,33.333333333333336,0.3333333333333333,0.3333333333333333,300,11.11111111111111,0.1111111111111111,0.1111111111111111,100,11.11111111111111,0.2222222222222222,0.0,100,44.44444444444444,0.4444444444444444,0.4444444444444444,400,11.11111111111111,0.1111111111111111,0.1111111111111111,100,0.0,0.0,0.0,0,good_news,good_news
Pijnacker,52.0200581,4.434186,8,25.0,0.25,0.25,200,25.0,0.25,0.25,200,18.75,0.375,0.0,150,12.5,0.125,0.125,100,0.0,0.0,0.0,0,12.5,0.25,0.0,100,entertainment,entertainment
Plasmolen,51.7372379,5.9223658,1,0.0,0.0,0.0,0,0.0,0.0,0.0,0,0.0,0.0,0.0,0,0.0,0.0,0.0,0,0.0,0.0,0.0,0,0.0,0.0,0.0,0,none,none
Poederoijen,51.7873625,5.0797284,32,75.0,0.75,0.75,2400,3.125,0.03125,0.03125,100,21.875,0.40625,0.03125,700,34.375,0.34375,0.34375,1100,1.5625,0.03125,0.0,50,7.8125,0.125,0.03125,250,entertainment,entertainment
Poortugaal,51.8577532,4.3914097,2,0.0,0.0,0.0,0,0.0,0.0,0.0,0,0.0,0.0,0.0,0,0.0,0.0,0.0,0,0.0,0.0,0.0,0,0.0,0.0,0.0,0,none,none
Poortvliet,51.544873,4.1439401,1,0.0,0.0,0.0,0,0.0,0.0,0.0,0,0.0,0.0,0.0,0,0.0,0.0,0.0,0,0.0,0.0,0.0,0,100.0,1.0,1.0,100,power_elite,power_elite
Prinsenbeek,51.6003459,4.718556,7,0.0,0.0,0.0,0,57.142857142857146,0.5714285714285714,0.5714285714285714,400,28.571428571428573,0.5714285714285714,0.0,200,0.0,0.0,0.0,0,0.0,0.0,0.0,0,21.428571428571427,0.42857142857142855,0.0,150,bad_news,bad_news
Purmerend,52.5024789,4.9614827,23,8.695652173913043,0.08695652173913043,0.08695652173913043,200,52.17391304347826,0.5217391304347826,0.5217391304347826,1200,34.78260869565217,0.6086956521739131,0.08695652173913043,800,4.3478260869565215,0.043478260869565216,0.043478260869565216,100,2.1739130434782608,0.043478260869565216,0.0,50,26.08695652173913,0.5217391304347826,0.0,600,bad_news,bad_news
Puth,50.9556369,5.8703358,2,100.0,1.0,1.0,200,0.0,0.0,0.0,0,25.0,0.5,0.0,50,50.0,0.5,0.5,100,100.0,1.0,1.0,200,50.0,0.5,0.5,100,entertainment,entertainment
Putte,51.3593981,4.3957625,1,0.0,0.0,0.0,0,0.0,0.0,0.0,0,0.0,0.0,0.0,0,100.0,1.0,1.0,100,0.0,0.0,0.0,0,0.0,0.0,0.0,0,good_news,good_news
Putten,52.2608571,5.6101591,7,0.0,0.0,0.0,0,0.0,0.0,0.0,0,0.0,0.0,0.0,0,42.857142857142854,0.42857142857142855,0.42857142857142855,300,0.0,0.0,0.0,0,0.0,0.0,0.0,0,good_news,good_news
Raalte,52.385675,6.271781,9,33.333333333333336,0.3333333333333333,0.3333333333333333,300,11.11111111111111,0.1111111111111111,0.1111111111111111,100,16.666666666666668,0.2222222222222222,0.1111111111111111,150,22.22222222222222,0.2222222222222222,0.2222222222222222,200,0.0,0.0,0.0,0,5.555555555555555,0.1111111111111111,0.0,50,entertainment,entertainment
Raamsdonksveer,51.6961345,4.8745894,3,0.0,0.0,0.0,0,0.0,0.0,0.0,0,0.0,0.0,0.0,0,33.333333333333336,0.3333333333333333,0.3333333333333333,100,0.0,0.0,0.0,0,0.0,0.0,0.0,0,good_news,good_news
Reduzum,53.1168095,5.7824966,1,0.0,0.0,0.0,0,0.0,0.0,0.0,0,0.0,0.0,0.0,0,0.0,0.0,0.0,0,0.0,0.0,0.0,0,0.0,0.0,0.0,0,none,none
Reeuwijk,52.0449873,4.7224789,2,0.0,0.0,0.0,0,50.0,0.5,0.5,100,25.0,0.5,0.0,50,0.0,0.0,0.0,0,0.0,0.0,0.0,0,25.0,0.5,0.0,50,bad_news,bad_news
Renesse,51.7311823,3.7719799,1,0.0,0.0,0.0,0,100.0,1.0,1.0,100,50.0,1.0,0.0,50,0.0,0.0,0.0,0,0.0,0.0,0.0,0,0.0,0.0,0.0,0,bad_news,bad_news
Renkum,51.9751065,5.7335691,2,0.0,0.0,0.0,0,0.0,0.0,0.0,0,50.0,0.5,0.5,100,0.0,0.0,0.0,0,0.0,0.0,0.0,0,0.0,0.0,0.0,0,magnitude,magnitude
Renswoude,52.073995,5.5393463,5,0.0,0.0,0.0,0,0.0,0.0,0.0,0,0.0,0.0,0.0,0,0.0,0.0,0.0,0,0.0,0.0,0.0,0,0.0,0.0,0.0,0,none,none
Reusel,51.3614392,5.1615312,2,0.0,0.0,0.0,0,100.0,1.0,1.0,200,50.0,1.0,0.0,100,0.0,0.0,0.0,0,0.0,0.0,0.0,0,50.0,1.0,0.0,100,bad_news,bad_news
Reutum,52.391015,6.845769,3,33.333333333333336,0.3333333333333333,0.3333333333333333,100,33.333333333333336,0.3333333333333333,0.3333333333333333,100,16.666666666666668,0.3333333333333333,0.0,50,0.0,0.0,0.0,0,0.0,0.0,0.0,0,16.666666666666668,0.3333333333333333,0.0,50,entertainment,entertainment
Rheden,52.0043836,6.0302806,2,0.0,0.0,0.0,0,100.0,1.0,1.0,200,50.0,1.0,0.0,100,0.0,0.0,0.0,0,0.0,0.0,0.0,0,50.0,1.0,0.0,100,bad_news,bad_news
Rhenen,51.9608761,5.5722196,12,25.0,0.25,0.25,300,41.666666666666664,0.4166666666666667,0.4166666666666667,500,20.833333333333332,0.4166666666666667,0.0,250,8.333333333333334,0.08333333333333333,0.08333333333333333,100,0.0,0.0,0.0,0,16.666666666666668,0.3333333333333333,0.0,200,bad_news,bad_news
Rhoon,51.8569948,4.4236815,2,0.0,0.0,0.0,0,50.0,0.5,0.5,100,25.0,0.5,0.0,50,0.0,0.0,0.0,0,0.0,0.0,0.0,0,0.0,0.0,0.0,0,bad_news,bad_news
Ridderkerk,51.8714812,4.5999778,22,0.0,0.0,0.0,0,50.0,0.5,0.5,1100,25.0,0.5,0.0,550,0.0,0.0,0.0,0,0.0,0.0,0.0,0,13.636363636363637,0.2727272727272727,0.0,300,bad_news,bad_news
Riethoven,51.3529939,5.3859816,1,0.0,0.0,0.0,0,0.0,0.0,0.0,0,0.0,0.0,0.0,0,0.0,0.0,0.0,0,0.0,0.0,0.0,0,0.0,0.0,0.0,0,none,none
Rijen,51.5879873,4.9194511,5,40.0,0.4,0.4,200,0.0,0.0,0.0,0,0.0,0.0,0.0,0,0.0,0.0,0.0,0,0.0,0.0,0.0,0,0.0,0.0,0.0,0,entertainment,entertainment
Rijkevoort,51.6576195,5.885017,1,0.0,0.0,0.0,0,100.0,1.0,1.0,100,50.0,1.0,0.0,50,0.0,0.0,0.0,0,0.0,0.0,0.0,0,50.0,1.0,0.0,50,bad_news,bad_news
Rijnsburg,52.1893268,4.438952,10,0.0,0.0,0.0,0,20.0,0.2,0.2,200,5.0,0.1,0.0,50,10.0,0.1,0.1,100,0.0,0.0,0.0,0,5.0,0.1,0.0,50,bad_news,bad_news
Rijsbergen,51.5158877,4.7005455,3,0.0,0.0,0.0,0,0.0,0.0,0.0,0,0.0,0.0,0.0,0,0.0,0.0,0.0,0,0.0,0.0,0.0,0,0.0,0.0,0.0,0,none,none
Rijsenhout,52.2587713,4.7153681,1,0.0,0.0,0.0,0,0.0,0.0,0.0,0,0.0,0.0,0.0,0,0.0,0.0,0.0,0,0.0,0.0,0.0,0,0.0,0.0,0.0,0,none,none
Rijssen,52.3080276,6.5213004,11,0.0,0.0,0.0,0,36.36363636363637,0.36363636363636365,0.36363636363636365,400,18.181818181818183,0.36363636363636365,0.0,200,9.090909090909092,0.09090909090909091,0.09090909090909091,100,0.0,0.0,0.0,0,22.727272727272727,0.36363636363636365,0.09090909090909091,250,bad_news,bad_news
Rijswijk,51.9589936,5.3583136,42,2.380952380952381,0.023809523809523808,0.023809523809523808,100,73.80952380952381,0.7380952380952381,0.7380952380952381,3100,36.904761904761905,0.7380952380952381,0.0,1550,0.0,0.0,0.0,0,0.0,0.0,0.0,0,30.952380952380953,0.6190476190476191,0.0,1300,bad_news,bad_news
Rilland,51.4164747,4.1812417,1,0.0,0.0,0.0,0,0.0,0.0,0.0,0,0.0,0.0,0.0,0,0.0,0.0,0.0,0,0.0,0.0,0.0,0,0.0,0.0,0.0,0,none,none
Rinsumageast,53.2973486,5.9489599,4,0.0,0.0,0.0,0,0.0,0.0,0.0,0,0.0,0.0,0.0,0,0.0,0.0,0.0,0,0.0,0.0,0.0,0,0.0,0.0,0.0,0,none,none
Ritthem,51.4515013,3.6260715,1,0.0,0.0,0.0,0,100.0,1.0,1.0,100,50.0,1.0,0.0,50,0.0,0.0,0.0,0,0.0,0.0,0.0,0,50.0,1.0,0.0,50,bad_news,bad_news
Rockanje,51.8706546,4.0699129,2,0.0,0.0,0.0,0,0.0,0.0,0.0,0,0.0,0.0,0.0,0,0.0,0.0,0.0,0,0.0,0.0,0.0,0,0.0,0.0,0.0,0,none,none
Roden,53.1405378,6.4275196,1,0.0,0.0,0.0,0,100.0,1.0,1.0,100,50.0,1.0,0.0,50,0.0,0.0,0.0,0,0.0,0.0,0.0,0,0.0,0.0,0.0,0,bad_news,bad_news
Roermond,51.1933903,5.9882649,50,6.0,0.06,0.06,300,64.0,0.64,0.64,3200,34.0,0.66,0.02,1700,0.0,0.0,0.0,0,0.0,0.0,0.0,0,28.0,0.54,0.02,1400,bad_news,bad_news
Rolde,52.9843788,6.6487151,7,0.0,0.0,0.0,0,57.142857142857146,0.5714285714285714,0.5714285714285714,400,28.571428571428573,0.5714285714285714,0.0,200,0.0,0.0,0.0,0,0.0,0.0,0.0,0,21.428571428571427,0.42857142857142855,0.0,150,bad_news,bad_news
Roosendaal,51.5331484,4.4561276,73,5.47945205479452,0.0547945205479452,0.0547945205479452,400,42.465753424657535,0.4246575342465753,0.4246575342465753,3100,25.34246575342466,0.4520547945205479,0.0547945205479452,1850,10.95890410958904,0.1095890410958904,0.1095890410958904,800,1.36986301369863,0.0136986301369863,0.0136986301369863,100,19.17808219178082,0.3561643835616438,0.0273972602739726,1400,bad_news,bad_news
Roosteren,51.082724,5.8166448,2,0.0,0.0,0.0,0,0.0,0.0,0.0,0,0.0,0.0,0.0,0,0.0,0.0,0.0,0,0.0,0.0,0.0,0,0.0,0.0,0.0,0,none,none
Rosmalen,51.71866,5.3629244,59,45.76271186440678,0.4576271186440678,0.4576271186440678,2700,20.338983050847457,0.2033898305084746,0.2033898305084746,1200,13.559322033898304,0.2542372881355932,0.01694915254237288,800,21.1864406779661,0.2542372881355932,0.1694915254237288,1250,3.389830508474576,0.03389830508474576,0.03389830508474576,200,8.474576271186441,0.1694915254237288,0.0,500,entertainment,entertainment
Rossum,51.8019318,5.3320894,1,100.0,1.0,1.0,100,0.0,0.0,0.0,0,0.0,0.0,0.0,0,0.0,0.0,0.0,0,0.0,0.0,0.0,0,0.0,0.0,0.0,0,entertainment,entertainment
Rotterdam,51.9244424,4.47775,1482,14.37246963562753,0.14439946018893388,0.14304993252361672,21300,34.21052631578947,0.34210526315789475,0.34210526315789475,50700,24.224021592442647,0.4271255060728745,0.05735492577597841,35900,11.167341430499325,0.11403508771929824,0.10931174089068826,16550,3.8124156545209176,0.047908232118758436,0.02834008097165992,5650,19.129554655870447,0.3468286099865047,0.03576248313090418,28350,bad_news,bad_news
Rottum,52.9364102,5.8920325,2,0.0,0.0,0.0,0,50.0,0.5,0.5,100,25.0,0.5,0.0,50,0.0,0.0,0.0,0,0.0,0.0,0.0,0,0.0,0.0,0.0,0,bad_news,bad_news
Rozenburg,51.9056445,4.2415465,13,0.0,0.0,0.0,0,30.76923076923077,0.3076923076923077,0.3076923076923077,400,30.76923076923077,0.46153846153846156,0.15384615384615385,400,0.0,0.0,0.0,0,0.0,0.0,0.0,0,15.384615384615385,0.3076923076923077,0.0,200,magnitude,magnitude
Rozendaal,52.0030774,5.9601408,8,0.0,0.0,0.0,0,12.5,0.125,0.125,100,31.25,0.375,0.25,250,0.0,0.0,0.0,0,0.0,0.0,0.0,0,0.0,0.0,0.0,0,magnitude,magnitude
Rucphen,51.5330913,4.5589604,2,0.0,0.0,0.0,0,0.0,0.0,0.0,0,0.0,0.0,0.0,0,0.0,0.0,0.0,0,0.0,0.0,0.0,0,0.0,0.0,0.0,0,none,none
Ruinerwold,52.7216745,6.2459797,1,0.0,0.0,0.0,0,100.0,1.0,1.0,100,50.0,1.0,0.0,50,0.0,0.0,0.0,0,0.0,0.0,0.0,0,50.0,1.0,0.0,50,bad_news,bad_news
Rutten,52.8051952,5.6973664,2,0.0,0.0,0.0,0,100.0,1.0,1.0,200,50.0,1.0,0.0,100,0.0,0.0,0.0,0,0.0,0.0,0.0,0,0.0,0.0,0.0,0,bad_news,bad_news
Saaksum,53.313666,6.4179702,1,0.0,0.0,0.0,0,100.0,1.0,1.0,100,0.0,0.0,0.0,0,0.0,0.0,0.0,0,0.0,0.0,0.0,0,0.0,0.0,0.0,0,bad_news,bad_news
Sassenheim,52.2246356,4.5199218,5,20.0,0.2,0.2,100,20.0,0.2,0.2,100,10.0,0.2,0.0,50,40.0,0.4,0.4,200,0.0,0.0,0.0,0,10.0,0.2,0.0,50,good_news,good_news
Schagen,52.7882395,4.8044607,7,0.0,0.0,0.0,0,28.571428571428573,0.2857142857142857,0.2857142857142857,200,14.285714285714286,0.2857142857142857,0.0,100,0.0,0.0,0.0,0,0.0,0.0,0.0,0,14.285714285714286,0.2857142857142857,0.0,100,bad_news,bad_news
Schaijk,51.746351,5.6314653,9,0.0,0.0,0.0,0,77.77777777777777,0.7777777777777778,0.7777777777777778,700,38.888888888888886,0.7777777777777778,0.0,350,0.0,0.0,0.0,0,0.0,0.0,0.0,0,33.333333333333336,0.6666666666666666,0.0,300,bad_news,bad_news
Schalkwijk,51.9931917,5.1907825,1,0.0,0.0,0.0,0,0.0,0.0,0.0,0,100.0,1.0,1.0,100,0.0,0.0,0.0,0,0.0,0.0,0.0,0,0.0,0.0,0.0,0,magnitude,magnitude
Scheemda,53.177619,6.971654,5,0.0,0.0,0.0,0,60.0,0.6,0.6,300,30.0,0.6,0.0,150,0.0,0.0,0.0,0,0.0,0.0,0.0,0,30.0,0.6,0.0,150,bad_news,bad_news
Schermerhorn,52.6010597,4.8890099,1,0.0,0.0,0.0,0,0.0,0.0,0.0,0,0.0,0.0,0.0,0,0.0,0.0,0.0,0,0.0,0.0,0.0,0,0.0,0.0,0.0,0,none,none
Scherpenzeel,52.83299,5.87509,6,0.0,0.0,0.0,0,33.333333333333336,0.3333333333333333,0.3333333333333333,200,16.666666666666668,0.3333333333333333,0.0,100,0.0,0.0,0.0,0,0.0,0.0,0.0,0,16.666666666666668,0.3333333333333333,0.0,100,bad_news,bad_news
Schiedam,51.91718,4.4019149,57,0.0,0.0,0.0,0,64.91228070175438,0.6491228070175439,0.6491228070175439,3700,35.08771929824562,0.6666666666666666,0.03508771929824561,2000,7.017543859649122,0.07017543859649122,0.07017543859649122,400,3.508771929824561,0.03508771929824561,0.03508771929824561,200,28.07017543859649,0.5614035087719298,0.0,1600,bad_news,bad_news
Schiermonnikoog,53.4782844,6.1610076,29,20.689655172413794,0.20689655172413793,0.20689655172413793,600,3.4482758620689653,0.034482758620689655,0.034482758620689655,100,15.517241379310345,0.20689655172413793,0.10344827586206896,450,13.793103448275861,0.13793103448275862,0.13793103448275862,400,8.620689655172415,0.10344827586206896,0.06896551724137931,250,1.7241379310344827,0.034482758620689655,0.0,50,entertainment,entertainment
Schijndel,51.6176954,5.4362541,13,46.15384615384615,0.46153846153846156,0.46153846153846156,600,7.6923076923076925,0.07692307692307693,0.07692307692307693,100,3.8461538461538463,0.07692307692307693,0.0,50,15.384615384615385,0.15384615384615385,0.15384615384615385,200,19.23076923076923,0.23076923076923078,0.15384615384615385,250,19.23076923076923,0.23076923076923078,0.15384615384615385,250,entertainment,entertainment
Schipluiden,51.9774012,4.3156816,1,100.0,1.0,1.0,100,0.0,0.0,0.0,0,0.0,0.0,0.0,0,100.0,1.0,1.0,100,0.0,0.0,0.0,0,0.0,0.0,0.0,0,entertainment,entertainment
Schoonebeek,52.6642696,6.8847692,4,0.0,0.0,0.0,0,75.0,0.75,0.75,300,37.5,0.75,0.0,150,0.0,0.0,0.0,0,0.0,0.0,0.0,0,37.5,0.75,0.0,150,bad_news,bad_news
Schoonhoven,51.9463984,4.8516431,1,0.0,0.0,0.0,0,0.0,0.0,0.0,0,0.0,0.0,0.0,0,0.0,0.0,0.0,0,0.0,0.0,0.0,0,0.0,0.0,0.0,0,none,none
Schoorl,52.7009081,4.693947,2,0.0,0.0,0.0,0,0.0,0.0,0.0,0,0.0,0.0,0.0,0,0.0,0.0,0.0,0,0.0,0.0,0.0,0,0.0,0.0,0.0,0,none,none
Schuinesloot,52.6446874,6.5533434,1,0.0,0.0,0.0,0,100.0,1.0,1.0,100,0.0,0.0,0.0,0,0.0,0.0,0.0,0,0.0,0.0,0.0,0,0.0,0.0,0.0,0,bad_news,bad_news
Sellingen,52.9459295,7.1505197,2,0.0,0.0,0.0,0,0.0,0.0,0.0,0,0.0,0.0,0.0,0,0.0,0.0,0.0,0,0.0,0.0,0.0,0,0.0,0.0,0.0,0,none,none
Serooskerke,51.5498773,3.5959454,1,0.0,0.0,0.0,0,0.0,0.0,0.0,0,0.0,0.0,0.0,0,0.0,0.0,0.0,0,0.0,0.0,0.0,0,0.0,0.0,0.0,0,none,none
Sibculo,52.4812228,6.6362056,4,0.0,0.0,0.0,0,100.0,1.0,1.0,400,50.0,1.0,0.0,200,0.0,0.0,0.0,0,0.0,0.0,0.0,0,25.0,0.5,0.0,100,bad_news,bad_news
Sint Hubert,51.6781972,5.8101427,4,0.0,0.0,0.0,0,100.0,1.0,1.0,400,50.0,1.0,0.0,200,0.0,0.0,0.0,0,0.0,0.0,0.0,0,50.0,1.0,0.0,200,bad_news,bad_news
Sint Maarten,52.7736179,4.7449156,2,100.0,1.0,1.0,200,0.0,0.0,0.0,0,0.0,0.0,0.0,0,0.0,0.0,0.0,0,0.0,0.0,0.0,0,0.0,0.0,0.0,0,entertainment,entertainment
Sint Nicolaasga,52.9227657,5.7418907,1,0.0,0.0,0.0,0,0.0,0.0,0.0,0,100.0,1.0,1.0,100,0.0,0.0,0.0,0,0.0,0.0,0.0,0,0.0,0.0,0.0,0,magnitude,magnitude
Sint Philipsland,51.6169203,4.1663627,1,0.0,0.0,0.0,0,0.0,0.0,0.0,0,0.0,0.0,0.0,0,0.0,0.0,0.0,0,0.0,0.0,0.0,0,0.0,0.0,0.0,0,none,none
Sint-Michielsgestel,51.6391001,5.3515392,9,0.0,0.0,0.0,0,22.22222222222222,0.2222222222222222,0.2222222222222222,200,11.11111111111111,0.2222222222222222,0.0,100,0.0,0.0,0.0,0,0.0,0.0,0.0,0,0.0,0.0,0.0,0,bad_news,bad_news
Sint-Oedenrode,51.5646434,5.4610004,2,0.0,0.0,0.0,0,0.0,0.0,0.0,0,0.0,0.0,0.0,0,0.0,0.0,0.0,0,0.0,0.0,0.0,0,0.0,0.0,0.0,0,none,none
Sittard,50.9974235,5.8666627,52,13.461538461538462,0.1346153846153846,0.1346153846153846,700,17.307692307692307,0.17307692307692307,0.17307692307692307,900,11.538461538461538,0.21153846153846154,0.019230769230769232,600,11.538461538461538,0.11538461538461539,0.11538461538461539,600,2.8846153846153846,0.038461538461538464,0.019230769230769232,150,12.5,0.21153846153846154,0.038461538461538464,650,bad_news,bad_news
Slagharen,52.6276515,6.554592,1,0.0,0.0,0.0,0,0.0,0.0,0.0,0,0.0,0.0,0.0,0,0.0,0.0,0.0,0,0.0,0.0,0.0,0,0.0,0.0,0.0,0,none,none
Sliedrecht,51.8250939,4.7741716,4,0.0,0.0,0.0,0,25.0,0.25,0.25,100,12.5,0.25,0.0,50,0.0,0.0,0.0,0,0.0,0.0,0.0,0,12.5,0.25,0.0,50,bad_news,bad_news
Sloten,52.8949914,5.6453953,2,0.0,0.0,0.0,0,50.0,0.5,0.5,100,25.0,0.5,0.0,50,0.0,0.0,0.0,0,0.0,0.0,0.0,0,25.0,0.5,0.0,50,bad_news,bad_news
Sluis,51.3083996,3.3874159,4,0.0,0.0,0.0,0,0.0,0.0,0.0,0,25.0,0.25,0.25,100,0.0,0.0,0.0,0,0.0,0.0,0.0,0,0.0,0.0,0.0,0,magnitude,magnitude
Snakkerburen,53.2202366,5.8106355,3,0.0,0.0,0.0,0,66.66666666666667,0.6666666666666666,0.6666666666666666,200,33.333333333333336,0.6666666666666666,0.0,100,0.0,0.0,0.0,0,0.0,0.0,0.0,0,16.666666666666668,0.3333333333333333,0.0,50,bad_news,bad_news
Sneek,53.033548,5.6611029,14,0.0,0.0,0.0,0,35.714285714285715,0.35714285714285715,0.35714285714285715,500,39.285714285714285,0.5714285714285714,0.21428571428571427,550,0.0,0.0,0.0,0,0.0,0.0,0.0,0,25.0,0.42857142857142855,0.07142857142857142,350,magnitude,magnitude
Soerendonk,51.3029105,5.5726245,1,0.0,0.0,0.0,0,0.0,0.0,0.0,0,0.0,0.0,0.0,0,0.0,0.0,0.0,0,0.0,0.0,0.0,0,0.0,0.0,0.0,0,none,none
Soest,52.174595,5.2909674,14,7.142857142857143,0.07142857142857142,0.07142857142857142,100,42.857142857142854,0.42857142857142855,0.42857142857142855,600,21.428571428571427,0.42857142857142855,0.0,300,14.285714285714286,0.14285714285714285,0.14285714285714285,200,0.0,0.0,0.0,0,17.857142857142858,0.35714285714285715,0.0,250,bad_news,bad_news
Soesterberg,52.1208994,5.2836057,5,20.0,0.2,0.2,100,40.0,0.4,0.4,200,20.0,0.4,0.0,100,40.0,0.4,0.4,200,0.0,0.0,0.0,0,20.0,0.4,0.0,100,bad_news,bad_news
Someren,51.3858887,5.7133677,7,0.0,0.0,0.0,0,0.0,0.0,0.0,0,42.857142857142854,0.42857142857142855,0.42857142857142855,300,14.285714285714286,0.14285714285714285,0.14285714285714285,100,0.0,0.0,0.0,0,0.0,0.0,0.0,0,magnitude,magnitude
Spaarndam,52.4127958,4.6820132,1,0.0,0.0,0.0,0,0.0,0.0,0.0,0,0.0,0.0,0.0,0,0.0,0.0,0.0,0,0.0,0.0,0.0,0,0.0,0.0,0.0,0,none,none
Spijk,53.3889462,6.836352,1,0.0,0.0,0.0,0,100.0,1.0,1.0,100,50.0,1.0,0.0,50,0.0,0.0,0.0,0,0.0,0.0,0.0,0,50.0,1.0,0.0,50,bad_news,bad_news
Spijkenisse,51.8464881,4.3287681,24,0.0,0.0,0.0,0,50.0,0.5,0.5,1200,22.916666666666668,0.4583333333333333,0.0,550,8.333333333333334,0.08333333333333333,0.08333333333333333,200,0.0,0.0,0.0,0,14.583333333333334,0.2916666666666667,0.0,350,bad_news,bad_news
Sprang-Capelle,51.6705258,5.0252983,5,0.0,0.0,0.0,0,40.0,0.4,0.4,200,20.0,0.4,0.0,100,0.0,0.0,0.0,0,0.0,0.0,0.0,0,0.0,0.0,0.0,0,bad_news,bad_news
Sprundel,51.5372409,4.5967155,1,0.0,0.0,0.0,0,0.0,0.0,0.0,0,0.0,0.0,0.0,0,0.0,0.0,0.0,0,0.0,0.0,0.0,0,0.0,0.0,0.0,0,none,none
Stadskanaal,52.9925618,6.9624466,9,0.0,0.0,0.0,0,44.44444444444444,0.4444444444444444,0.4444444444444444,400,22.22222222222222,0.4444444444444444,0.0,200,0.0,0.0,0.0,0,0.0,0.0,0.0,0,5.555555555555555,0.1111111111111111,0.0,50,bad_news,bad_news
Staphorst,52.647276,6.2074792,20,5.0,0.05,0.05,100,25.0,0.25,0.25,500,20.0,0.35,0.05,400,0.0,0.0,0.0,0,0.0,0.0,0.0,0,12.5,0.25,0.0,250,bad_news,bad_news
Stavenisse,51.5859884,4.0126377,2,50.0,0.5,0.5,100,50.0,0.5,0.5,100,25.0,0.5,0.0,50,0.0,0.0,0.0,0,0.0,0.0,0.0,0,25.0,0.5,0.0,50,entertainment,entertainment
Stavoren,52.8832689,5.3602125,1,0.0,0.0,0.0,0,0.0,0.0,0.0,0,0.0,0.0,0.0,0,0.0,0.0,0.0,0,0.0,0.0,0.0,0,0.0,0.0,0.0,0,none,none
Steenbergen,53.0998173,6.4085269,29,20.689655172413794,0.20689655172413793,0.20689655172413793,600,10.344827586206897,0.10344827586206896,0.10344827586206896,300,27.586206896551722,0.3448275862068966,0.20689655172413793,800,48.275862068965516,0.4827586206896552,0.4827586206896552,1400,3.4482758620689653,0.06896551724137931,0.0,100,3.4482758620689653,0.06896551724137931,0.0,100,good_news,good_news
Steensel,51.3779973,5.3523546,1,0.0,0.0,0.0,0,0.0,0.0,0.0,0,0.0,0.0,0.0,0,0.0,0.0,0.0,0,0.0,0.0,0.0,0,0.0,0.0,0.0,0,none,none
Steenwijk,52.7895502,6.1210477,4,0.0,0.0,0.0,0,25.0,0.25,0.25,100,0.0,0.0,0.0,0,0.0,0.0,0.0,0,0.0,0.0,0.0,0,0.0,0.0,0.0,0,bad_news,bad_news
Stein,50.9694381,5.7669713,3,0.0,0.0,0.0,0,0.0,0.0,0.0,0,33.333333333333336,0.3333333333333333,0.3333333333333333,100,0.0,0.0,0.0,0,0.0,0.0,0.0,0,0.0,0.0,0.0,0,magnitude,magnitude
Stellendam,51.8050289,4.0269198,3,0.0,0.0,0.0,0,0.0,0.0,0.0,0,0.0,0.0,0.0,0,33.333333333333336,0.3333333333333333,0.3333333333333333,100,33.333333333333336,0.3333333333333333,0.3333333333333333,100,0.0,0.0,0.0,0,good_news,good_news
Stolwijk,51.9728033,4.7747778,1,0.0,0.0,0.0,0,100.0,1.0,1.0,100,50.0,1.0,0.0,50,0.0,0.0,0.0,0,0.0,0.0,0.0,0,50.0,1.0,0.0,50,bad_news,bad_news
Strijen,51.7429131,4.5541517,2,100.0,1.0,1.0,200,0.0,0.0,0.0,0,0.0,0.0,0.0,0,50.0,0.5,0.5,100,0.0,0.0,0.0,0,0.0,0.0,0.0,0,entertainment,entertainment
Strijensas,51.7152087,4.5854294,1,0.0,0.0,0.0,0,100.0,1.0,1.0,100,50.0,1.0,0.0,50,0.0,0.0,0.0,0,0.0,0.0,0.0,0,0.0,0.0,0.0,0,bad_news,bad_news
Stroe,52.1862447,5.6920842,11,0.0,0.0,0.0,0,0.0,0.0,0.0,0,9.090909090909092,0.09090909090909091,0.09090909090909091,100,0.0,0.0,0.0,0,0.0,0.0,0.0,0,0.0,0.0,0.0,0,magnitude,magnitude
Surhuisterveen,53.1802681,6.1701295,1,0.0,0.0,0.0,0,0.0,0.0,0.0,0,0.0,0.0,0.0,0,100.0,1.0,1.0,100,0.0,0.0,0.0,0,0.0,0.0,0.0,0,good_news,good_news
Swalmen,51.231394,6.0356507,2,0.0,0.0,0.0,0,100.0,1.0,1.0,200,50.0,1.0,0.0,100,0.0,0.0,0.0,0,0.0,0.0,0.0,0,25.0,0.5,0.0,50,bad_news,bad_news
Swolgen,51.4923242,6.1167314,1,0.0,0.0,0.0,0,100.0,1.0,1.0,100,50.0,1.0,0.0,50,0.0,0.0,0.0,0,0.0,0.0,0.0,0,0.0,0.0,0.0,0,bad_news,bad_news
Tegelen,51.3429314,6.1362198,6,50.0,0.5,0.5,300,50.0,0.5,0.5,300,25.0,0.5,0.0,150,33.333333333333336,0.3333333333333333,0.3333333333333333,200,16.666666666666668,0.3333333333333333,0.0,100,41.666666666666664,0.8333333333333334,0.0,250,entertainment,entertainment
Terborg,51.9211908,6.3614794,3,0.0,0.0,0.0,0,0.0,0.0,0.0,0,0.0,0.0,0.0,0,66.66666666666667,0.6666666666666666,0.6666666666666666,200,0.0,0.0,0.0,0,0.0,0.0,0.0,0,good_news,good_news
Terheijden,51.6429923,4.7525569,3,0.0,0.0,0.0,0,0.0,0.0,0.0,0,0.0,0.0,0.0,0,0.0,0.0,0.0,0,0.0,0.0,0.0,0,0.0,0.0,0.0,0,none,none
Ternaard,53.3819925,5.9639038,4,0.0,0.0,0.0,0,50.0,0.5,0.5,200,25.0,0.5,0.0,100,0.0,0.0,0.0,0,0.0,0.0,0.0,0,25.0,0.5,0.0,100,bad_news,bad_news
Terneuzen,51.3254737,3.8403111,53,18.867924528301888,0.18867924528301888,0.18867924528301888,1000,33.9622641509434,0.33962264150943394,0.33962264150943394,1800,19.81132075471698,0.3584905660377358,0.03773584905660377,1050,1.8867924528301887,0.018867924528301886,0.018867924528301886,100,1.8867924528301887,0.018867924528301886,0.018867924528301886,100,16.037735849056602,0.3018867924528302,0.018867924528301886,850,bad_news,bad_news
Terschuur,52.165412,5.5195463,2,0.0,0.0,0.0,0,100.0,1.0,1.0,200,50.0,1.0,0.0,100,0.0,0.0,0.0,0,0.0,0.0,0.0,0,25.0,0.5,0.0,50,bad_news,bad_news
Teteringen,51.6103716,4.8214856,3,0.0,0.0,0.0,0,66.66666666666667,0.6666666666666666,0.6666666666666666,200,33.333333333333336,0.6666666666666666,0.0,100,0.0,0.0,0.0,0,0.0,0.0,0.0,0,33.333333333333336,0.6666666666666666,0.0,100,bad_news,bad_news
Teuge,52.2335934,6.0466638,1,0.0,0.0,0.0,0,0.0,0.0,0.0,0,0.0,0.0,0.0,0,0.0,0.0,0.0,0,0.0,0.0,0.0,0,0.0,0.0,0.0,0,none,none
Tholen,51.5354462,4.2232813,11,0.0,0.0,0.0,0,9.090909090909092,0.09090909090909091,0.09090909090909091,100,4.545454545454546,0.09090909090909091,0.0,50,9.090909090909092,0.09090909090909091,0.09090909090909091,100,0.0,0.0,0.0,0,4.545454545454546,0.09090909090909091,0.0,50,bad_news,bad_news
Thorn,51.1611211,5.8403012,1,100.0,1.0,1.0,100,0.0,0.0,0.0,0,0.0,0.0,0.0,0,0.0,0.0,0.0,0,0.0,0.0,0.0,0,0.0,0.0,0.0,0,entertainment,entertainment
Tiel,51.8874333,5.4372681,33,9.090909090909092,0.09090909090909091,0.09090909090909091,300,51.515151515151516,0.5151515151515151,0.5151515151515151,1700,40.90909090909091,0.6666666666666666,0.15151515151515152,1350,0.0,0.0,0.0,0,0.0,0.0,0.0,0,18.181818181818183,0.36363636363636365,0.0,600,bad_news,bad_news
Tienhoven,52.1680647,5.0819023,10,0.0,0.0,0.0,0,20.0,0.2,0.2,200,20.0,0.3,0.1,200,0.0,0.0,0.0,0,0.0,0.0,0.0,0,10.0,0.2,0.0,100,magnitude,magnitude
Tienray,51.4952892,6.0928198,1,0.0,0.0,0.0,0,0.0,0.0,0.0,0,0.0,0.0,0.0,0,0.0,0.0,0.0,0,0.0,0.0,0.0,0,0.0,0.0,0.0,0,none,none
Tilburg,51.5562404,5.0886014,282,13.297872340425531,0.1347517730496454,0.13120567375886524,3750,28.72340425531915,0.2872340425531915,0.2872340425531915,8100,18.79432624113475,0.3404255319148936,0.03546099290780142,5300,9.21985815602837,0.09574468085106383,0.08865248226950355,2600,1.0638297872340425,0.014184397163120567,0.0070921985815602835,300,14.893617021276595,0.2730496453900709,0.024822695035460994,4200,bad_news,bad_news
Tollebeek,52.6777616,5.6755078,2,50.0,0.5,0.5,100,0.0,0.0,0.0,0,0.0,0.0,0.0,0,50.0,0.5,0.5,100,0.0,0.0,0.0,0,0.0,0.0,0.0,0,entertainment,entertainment
Tricht,51.8890722,5.2700796,3,0.0,0.0,0.0,0,33.333333333333336,0.3333333333333333,0.3333333333333333,100,16.666666666666668,0.3333333333333333,0.0,50,0.0,0.0,0.0,0,0.0,0.0,0.0,0,16.666666666666668,0.3333333333333333,0.0,50,bad_news,bad_news
Tubbergen,52.4081149,6.7816649,6,16.666666666666668,0.16666666666666666,0.16666666666666666,100,33.333333333333336,0.3333333333333333,0.3333333333333333,200,16.666666666666668,0.3333333333333333,0.0,100,16.666666666666668,0.16666666666666666,0.16666666666666666,100,8.333333333333334,0.16666666666666666,0.0,50,16.666666666666668,0.3333333333333333,0.0,100,bad_news,bad_news
Twello,52.2356369,6.1042772,7,0.0,0.0,0.0,0,71.42857142857143,0.7142857142857143,0.7142857142857143,500,28.571428571428573,0.5714285714285714,0.0,200,0.0,0.0,0.0,0,0.0,0.0,0.0,0,28.571428571428573,0.5714285714285714,0.0,200,bad_news,bad_news
Twijzel,53.2320384,6.0881075,1,0.0,0.0,0.0,0,0.0,0.0,0.0,0,0.0,0.0,0.0,0,0.0,0.0,0.0,0,0.0,0.0,0.0,0,0.0,0.0,0.0,0,none,none
Tynaarlo,53.0770194,6.6175495,7,14.285714285714286,0.14285714285714285,0.14285714285714285,100,71.42857142857143,0.7142857142857143,0.7142857142857143,500,35.714285714285715,0.7142857142857143,0.0,250,14.285714285714286,0.14285714285714285,0.14285714285714285,100,0.0,0.0,0.0,0,14.285714285714286,0.2857142857142857,0.0,100,bad_news,bad_news
Ubbergen,51.8368015,5.9009111,1,0.0,0.0,0.0,0,0.0,0.0,0.0,0,0.0,0.0,0.0,0,0.0,0.0,0.0,0,0.0,0.0,0.0,0,100.0,1.0,1.0,100,power_elite,power_elite
Uddel,52.2593938,5.7840992,1,0.0,0.0,0.0,0,0.0,0.0,0.0,0,0.0,0.0,0.0,0,0.0,0.0,0.0,0,0.0,0.0,0.0,0,0.0,0.0,0.0,0,none,none
Uden,51.6590888,5.6148605,31,3.225806451612903,0.03225806451612903,0.03225806451612903,100,32.25806451612903,0.3225806451612903,0.3225806451612903,1000,16.129032258064516,0.3225806451612903,0.0,500,16.129032258064516,0.16129032258064516,0.16129032258064516,500,0.0,0.0,0.0,0,24.193548387096776,0.3870967741935484,0.0967741935483871,750,bad_news,bad_news
Udenhout,51.6119112,5.1409062,1,0.0,0.0,0.0,0,0.0,0.0,0.0,0,0.0,0.0,0.0,0,0.0,0.0,0.0,0,0.0,0.0,0.0,0,0.0,0.0,0.0,0,none,none
Uitgeest,52.5303233,4.7090367,22,36.36363636363637,0.36363636363636365,0.36363636363636365,800,36.36363636363637,0.36363636363636365,0.36363636363636365,800,25.0,0.5,0.0,550,4.545454545454546,0.045454545454545456,0.045454545454545456,100,0.0,0.0,0.0,0,18.181818181818183,0.36363636363636365,0.0,400,entertainment,entertainment
Uithoorn,52.2411412,4.8251096,22,0.0,0.0,0.0,0,50.0,0.5,0.5,1100,27.272727272727273,0.5,0.045454545454545456,600,0.0,0.0,0.0,0,0.0,0.0,0.0,0,22.727272727272727,0.45454545454545453,0.0,500,bad_news,bad_news
Uithuizermeeden,53.4159396,6.7255446,4,0.0,0.0,0.0,0,75.0,0.75,0.75,300,100.0,1.0,1.0,400,0.0,0.0,0.0,0,0.0,0.0,0.0,0,0.0,0.0,0.0,0,magnitude,magnitude
Ulestraten,50.905681,5.7815344,2,0.0,0.0,0.0,0,100.0,1.0,1.0,200,50.0,1.0,0.0,100,0.0,0.0,0.0,0,0.0,0.0,0.0,0,50.0,1.0,0.0,100,bad_news,bad_news
Ulft,51.8909559,6.384324,1,100.0,1.0,1.0,100,0.0,0.0,0.0,0,0.0,0.0,0.0,0,0.0,0.0,0.0,0,0.0,0.0,0.0,0,0.0,0.0,0.0,0,entertainment,entertainment
Urk,52.6654515,5.5987894,27,11.11111111111111,0.1111111111111111,0.1111111111111111,300,22.22222222222222,0.2222222222222222,0.2222222222222222,600,22.22222222222222,0.3333333333333333,0.1111111111111111,600,14.814814814814815,0.14814814814814814,0.14814814814814814,400,0.0,0.0,0.0,0,3.7037037037037037,0.07407407407407407,0.0,100,magnitude,magnitude
Usquert,53.4024685,6.6117672,3,0.0,0.0,0.0,0,33.333333333333336,0.3333333333333333,0.3333333333333333,100,50.0,0.6666666666666666,0.3333333333333333,150,0.0,0.0,0.0,0,0.0,0.0,0.0,0,0.0,0.0,0.0,0,magnitude,magnitude
Utrecht,52.0907006,5.1215634,842,8.076009501187649,0.08076009501187649,0.08076009501187649,6800,21.140142517814727,0.21140142517814728,0.21140142517814728,17800,19.536817102137768,0.30403800475059384,0.08669833729216152,16450,8.729216152019003,0.09144893111638955,0.0831353919239905,7350,0.9501187648456056,0.011876484560570071,0.007125890736342043,800,10.15439429928741,0.19239904988123516,0.010688836104513063,8550,bad_news,bad_news
Vaals,50.7710157,6.019049,3,0.0,0.0,0.0,0,0.0,0.0,0.0,0,0.0,0.0,0.0,0,0.0,0.0,0.0,0,0.0,0.0,0.0,0,0.0,0.0,0.0,0,none,none
Vaassen,52.2901716,5.9686728,3,0.0,0.0,0.0,0,100.0,1.0,1.0,300,50.0,1.0,0.0,150,0.0,0.0,0.0,0,0.0,0.0,0.0,0,16.666666666666668,0.3333333333333333,0.0,50,bad_news,bad_news
Valburg,51.911008,5.7885376,2,50.0,0.5,0.5,100,50.0,0.5,0.5,100,25.0,0.5,0.0,50,0.0,0.0,0.0,0,0.0,0.0,0.0,0,0.0,0.0,0.0,0,entertainment,entertainment
Valkenburg,50.8647531,5.8312518,35,5.714285714285714,0.05714285714285714,0.05714285714285714,200,40.0,0.4,0.4,1400,24.285714285714285,0.42857142857142855,0.05714285714285714,850,17.142857142857142,0.17142857142857143,0.17142857142857143,600,2.857142857142857,0.05714285714285714,0.0,100,24.285714285714285,0.45714285714285713,0.02857142857142857,850,bad_news,bad_news
Valkenswaard,51.350688,5.4594497,8,12.5,0.125,0.125,100,12.5,0.125,0.125,100,18.75,0.25,0.125,150,25.0,0.25,0.25,200,0.0,0.0,0.0,0,6.25,0.125,0.0,50,good_news,good_news
Valthermond,52.8869891,6.9751675,5,0.0,0.0,0.0,0,100.0,1.0,1.0,500,50.0,1.0,0.0,250,0.0,0.0,0.0,0,0.0,0.0,0.0,0,30.0,0.6,0.0,150,bad_news,bad_news
Varik,51.823471,5.3679909,1,0.0,0.0,0.0,0,0.0,0.0,0.0,0,0.0,0.0,0.0,0,0.0,0.0,0.0,0,0.0,0.0,0.0,0,0.0,0.0,0.0,0,none,none
Vasse,52.4338079,6.8323266,1,0.0,0.0,0.0,0,100.0,1.0,1.0,100,50.0,1.0,0.0,50,0.0,0.0,0.0,0,0.0,0.0,0.0,0,50.0,1.0,0.0,50,bad_news,bad_news
Veen,51.7785316,5.1080632,1,100.0,1.0,1.0,100,0.0,0.0,0.0,0,0.0,0.0,0.0,0,0.0,0.0,0.0,0,0.0,0.0,0.0,0,0.0,0.0,0.0,0,entertainment,entertainment
Veendam,53.1028443,6.8694863,11,9.090909090909092,0.09090909090909091,0.09090909090909091,100,45.45454545454545,0.45454545454545453,0.45454545454545453,500,27.272727272727273,0.5454545454545454,0.0,300,0.0,0.0,0.0,0,18.181818181818183,0.18181818181818182,0.18181818181818182,200,9.090909090909092,0.18181818181818182,0.0,100,bad_news,bad_news
Veenendaal,52.0259814,5.5539239,46,6.521739130434782,0.06521739130434782,0.06521739130434782,300,47.82608695652174,0.4782608695652174,0.4782608695652174,2200,34.78260869565217,0.5869565217391305,0.10869565217391304,1600,8.695652173913043,0.08695652173913043,0.08695652173913043,400,4.3478260869565215,0.043478260869565216,0.043478260869565216,200,20.652173913043477,0.3695652173913043,0.043478260869565216,950,bad_news,bad_news
Veenhuizen,53.0332173,6.3963672,3,0.0,0.0,0.0,0,33.333333333333336,0.3333333333333333,0.3333333333333333,100,83.33333333333333,1.0,0.6666666666666666,250,66.66666666666667,0.6666666666666666,0.6666666666666666,200,0.0,0.0,0.0,0,0.0,0.0,0.0,0,magnitude,magnitude
Veeningen,52.6707757,6.3709908,2,0.0,0.0,0.0,0,100.0,1.0,1.0,200,25.0,0.5,0.0,50,0.0,0.0,0.0,0,0.0,0.0,0.0,0,25.0,0.5,0.0,50,bad_news,bad_news
Veere,51.5475163,3.6660882,7,0.0,0.0,0.0,0,0.0,0.0,0.0,0,14.285714285714286,0.14285714285714285,0.14285714285714285,100,0.0,0.0,0.0,0,0.0,0.0,0.0,0,0.0,0.0,0.0,0,magnitude,magnitude
Veghel,51.6134544,5.5446938,19,5.2631578947368425,0.05263157894736842,0.05263157894736842,100,52.63157894736842,0.5263157894736842,0.5263157894736842,1000,26.31578947368421,0.5263157894736842,0.0,500,10.526315789473685,0.10526315789473684,0.10526315789473684,200,0.0,0.0,0.0,0,36.8421052631579,0.631578947368421,0.10526315789473684,700,bad_news,bad_news
Veldhoven,51.4190691,5.4045572,26,0.0,0.0,0.0,0,38.46153846153846,0.38461538461538464,0.38461538461538464,1000,26.923076923076923,0.46153846153846156,0.07692307692307693,700,3.8461538461538463,0.038461538461538464,0.038461538461538464,100,0.0,0.0,0.0,0,23.076923076923077,0.4230769230769231,0.038461538461538464,600,bad_news,bad_news
Velp,51.7613792,5.7165116,1,0.0,0.0,0.0,0,0.0,0.0,0.0,0,0.0,0.0,0.0,0,0.0,0.0,0.0,0,0.0,0.0,0.0,0,0.0,0.0,0.0,0,none,none
Velsen-Noord,52.4738528,4.6379311,8,0.0,0.0,0.0,0,50.0,0.5,0.5,400,25.0,0.5,0.0,200,0.0,0.0,0.0,0,0.0,0.0,0.0,0,25.0,0.5,0.0,200,bad_news,bad_news
Velsen-Zuid,52.4600386,4.6514217,36,11.11111111111111,0.1111111111111111,0.1111111111111111,400,25.0,0.25,0.25,900,23.61111111111111,0.3611111111111111,0.1111111111111111,850,19.444444444444443,0.19444444444444445,0.19444444444444445,700,1.3888888888888888,0.027777777777777776,0.0,50,13.88888888888889,0.2777777777777778,0.0,500,bad_news,bad_news
Velserbroek,52.4311302,4.6603416,2,0.0,0.0,0.0,0,0.0,0.0,0.0,0,0.0,0.0,0.0,0,0.0,0.0,0.0,0,0.0,0.0,0.0,0,0.0,0.0,0.0,0,none,none
Ven-Zelderheide,51.7118916,6.0233684,1,0.0,0.0,0.0,0,0.0,0.0,0.0,0,0.0,0.0,0.0,0,0.0,0.0,0.0,0,0.0,0.0,0.0,0,0.0,0.0,0.0,0,none,none
Venhuizen,52.6626396,5.1997975,7,0.0,0.0,0.0,0,28.571428571428573,0.2857142857142857,0.2857142857142857,200,14.285714285714286,0.2857142857142857,0.0,100,0.0,0.0,0.0,0,0.0,0.0,0.0,0,14.285714285714286,0.2857142857142857,0.0,100,bad_news,bad_news
Venlo,51.3702109,6.1688954,61,1.639344262295082,0.01639344262295082,0.01639344262295082,100,45.90163934426229,0.45901639344262296,0.45901639344262296,2800,26.229508196721312,0.4918032786885246,0.03278688524590164,1600,8.19672131147541,0.08196721311475409,0.08196721311475409,500,0.0,0.0,0.0,0,18.0327868852459,0.36065573770491804,0.0,1100,bad_news,bad_news
Venray,51.5270258,5.9753635,18,0.0,0.0,0.0,0,27.77777777777778,0.2777777777777778,0.2777777777777778,500,13.88888888888889,0.2777777777777778,0.0,250,11.11111111111111,0.1111111111111111,0.1111111111111111,200,0.0,0.0,0.0,0,25.0,0.3888888888888889,0.1111111111111111,450,bad_news,bad_news
Vessem,51.419252,5.2882066,2,0.0,0.0,0.0,0,50.0,0.5,0.5,100,25.0,0.5,0.0,50,0.0,0.0,0.0,0,0.0,0.0,0.0,0,0.0,0.0,0.0,0,bad_news,bad_news
Vianen,51.7177828,5.8572731,6,0.0,0.0,0.0,0,66.66666666666667,0.6666666666666666,0.6666666666666666,400,50.0,0.8333333333333334,0.16666666666666666,300,0.0,0.0,0.0,0,0.0,0.0,0.0,0,25.0,0.5,0.0,150,bad_news,bad_news
Vierlingsbeek,51.5964398,6.0091527,2,0.0,0.0,0.0,0,100.0,1.0,1.0,200,50.0,1.0,0.0,100,0.0,0.0,0.0,0,0.0,0.0,0.0,0,50.0,1.0,0.0,100,bad_news,bad_news
Vijfhuizen,52.3507789,4.6782318,7,0.0,0.0,0.0,0,28.571428571428573,0.2857142857142857,0.2857142857142857,200,57.142857142857146,0.7142857142857143,0.42857142857142855,400,0.0,0.0,0.0,0,0.0,0.0,0.0,0,35.714285714285715,0.42857142857142855,0.2857142857142857,250,magnitude,magnitude
Vijlen,50.7878116,5.9643838,1,0.0,0.0,0.0,0,0.0,0.0,0.0,0,0.0,0.0,0.0,0,0.0,0.0,0.0,0,0.0,0.0,0.0,0,0.0,0.0,0.0,0,none,none
Vinkel,51.7055171,5.4614965,2,0.0,0.0,0.0,0,100.0,1.0,1.0,200,50.0,1.0,0.0,100,0.0,0.0,0.0,0,0.0,0.0,0.0,0,25.0,0.5,0.0,50,bad_news,bad_news
Vinkeveen,52.2153192,4.9348062,2,0.0,0.0,0.0,0,50.0,0.5,0.5,100,75.0,1.0,0.5,150,0.0,0.0,0.0,0,0.0,0.0,0.0,0,25.0,0.5,0.0,50,magnitude,magnitude
Visvliet,53.2657641,6.2484433,2,0.0,0.0,0.0,0,100.0,1.0,1.0,200,50.0,1.0,0.0,100,0.0,0.0,0.0,0,0.0,0.0,0.0,0,50.0,1.0,0.0,100,bad_news,bad_news
Vlaardingen,51.9097536,4.3402639,82,0.0,0.0,0.0,0,47.5609756097561,0.47560975609756095,0.47560975609756095,3900,23.170731707317074,0.4634146341463415,0.0,1900,4.878048780487805,0.04878048780487805,0.04878048780487805,400,0.0,0.0,0.0,0,23.78048780487805,0.4634146341463415,0.012195121951219513,1950,bad_news,bad_news
Vleuten,52.1073555,5.0135224,7,14.285714285714286,0.14285714285714285,0.14285714285714285,100,42.857142857142854,0.42857142857142855,0.42857142857142855,300,21.428571428571427,0.42857142857142855,0.0,150,0.0,0.0,0.0,0,0.0,0.0,0.0,0,21.428571428571427,0.42857142857142855,0.0,150,bad_news,bad_news
Vlijmen,51.694263,5.2091225,24,33.333333333333336,0.3333333333333333,0.3333333333333333,800,50.0,0.5,0.5,1200,37.5,0.75,0.0,900,16.666666666666668,0.16666666666666666,0.16666666666666666,400,2.0833333333333335,0.041666666666666664,0.0,50,35.416666666666664,0.7083333333333334,0.0,850,bad_news,bad_news
Vlissingen,51.4480929,3.5697992,59,3.389830508474576,0.03389830508474576,0.03389830508474576,200,25.423728813559322,0.2542372881355932,0.2542372881355932,1500,18.64406779661017,0.3220338983050847,0.05084745762711865,1100,6.779661016949152,0.06779661016949153,0.06779661016949153,400,1.694915254237288,0.01694915254237288,0.01694915254237288,100,12.711864406779661,0.2542372881355932,0.0,750,bad_news,bad_news
Voerendaal,50.8804521,5.926962,2,0.0,0.0,0.0,0,50.0,0.5,0.5,100,25.0,0.5,0.0,50,50.0,0.5,0.5,100,0.0,0.0,0.0,0,25.0,0.5,0.0,50,bad_news,bad_news
Vogelwaarde,51.3249192,3.9723356,1,0.0,0.0,0.0,0,0.0,0.0,0.0,0,0.0,0.0,0.0,0,0.0,0.0,0.0,0,0.0,0.0,0.0,0,0.0,0.0,0.0,0,none,none
Volendam,52.4963759,5.0682736,80,7.5,0.075,0.075,600,15.0,0.15,0.15,1200,16.875,0.25,0.0875,1350,32.5,0.325,0.325,2600,0.0,0.0,0.0,0,7.5,0.15,0.0,600,good_news,good_news
Volkel,51.6440771,5.6557033,34,0.0,0.0,0.0,0,2.9411764705882355,0.029411764705882353,0.029411764705882353,100,13.235294117647058,0.14705882352941177,0.11764705882352941,450,0.0,0.0,0.0,0,0.0,0.0,0.0,0,2.9411764705882355,0.058823529411764705,0.0,100,magnitude,magnitude
Voorburg,52.0703201,4.3558561,14,0.0,0.0,0.0,0,57.142857142857146,0.5714285714285714,0.5714285714285714,800,28.571428571428573,0.5714285714285714,0.0,400,0.0,0.0,0.0,0,0.0,0.0,0.0,0,28.571428571428573,0.5714285714285714,0.0,400,bad_news,bad_news
Voorhout,52.2244226,4.4886562,1,0.0,0.0,0.0,0,0.0,0.0,0.0,0,0.0,0.0,0.0,0,0.0,0.0,0.0,0,0.0,0.0,0.0,0,0.0,0.0,0.0,0,none,none
Voorschoten,52.1275236,4.4465727,1,0.0,0.0,0.0,0,0.0,0.0,0.0,0,0.0,0.0,0.0,0,100.0,1.0,1.0,100,0.0,0.0,0.0,0,0.0,0.0,0.0,0,good_news,good_news
Voorst,52.1704605,6.1427437,2,0.0,0.0,0.0,0,0.0,0.0,0.0,0,100.0,1.0,1.0,200,0.0,0.0,0.0,0,0.0,0.0,0.0,0,0.0,0.0,0.0,0,magnitude,magnitude
Voorthuizen,52.1871648,5.6071994,7,28.571428571428573,0.2857142857142857,0.2857142857142857,200,28.571428571428573,0.2857142857142857,0.2857142857142857,200,14.285714285714286,0.2857142857142857,0.0,100,14.285714285714286,0.14285714285714285,0.14285714285714285,100,0.0,0.0,0.0,0,7.142857142857143,0.14285714285714285,0.0,50,entertainment,entertainment
Vorden,52.1041075,6.3126099,1,0.0,0.0,0.0,0,0.0,0.0,0.0,0,0.0,0.0,0.0,0,0.0,0.0,0.0,0,0.0,0.0,0.0,0,0.0,0.0,0.0,0,none,none
Vorstenbosch,51.653954,5.5523875,1,0.0,0.0,0.0,0,0.0,0.0,0.0,0,0.0,0.0,0.0,0,0.0,0.0,0.0,0,0.0,0.0,0.0,0,0.0,0.0,0.0,0,none,none
Vredepeel,51.5409734,5.8694941,4,0.0,0.0,0.0,0,0.0,0.0,0.0,0,0.0,0.0,0.0,0,0.0,0.0,0.0,0,0.0,0.0,0.0,0,100.0,1.0,1.0,400,power_elite,power_elite
Vreeland,52.2303415,5.0319258,1,0.0,0.0,0.0,0,0.0,0.0,0.0,0,0.0,0.0,0.0,0,0.0,0.0,0.0,0,0.0,0.0,0.0,0,0.0,0.0,0.0,0,none,none
Vriezenveen,52.4086697,6.6148049,5,40.0,0.4,0.4,200,20.0,0.2,0.2,100,10.0,0.2,0.0,50,0.0,0.0,0.0,0,0.0,0.0,0.0,0,0.0,0.0,0.0,0,entertainment,entertainment
Vroomshoop,52.4601585,6.5705931,4,0.0,0.0,0.0,0,0.0,0.0,0.0,0,25.0,0.25,0.25,100,0.0,0.0,0.0,0,0.0,0.0,0.0,0,0.0,0.0,0.0,0,magnitude,magnitude
Vught,51.656821,5.2893308,78,5.128205128205129,0.05128205128205128,0.05128205128205128,400,16.666666666666668,0.16666666666666666,0.16666666666666666,1300,12.820512820512821,0.20512820512820512,0.05128205128205128,1000,5.128205128205129,0.05128205128205128,0.05128205128205128,400,0.0,0.0,0.0,0,7.051282051282051,0.14102564102564102,0.0,550,bad_news,bad_news
Waalre,51.3876404,5.4476871,2,0.0,0.0,0.0,0,0.0,0.0,0.0,0,0.0,0.0,0.0,0,0.0,0.0,0.0,0,0.0,0.0,0.0,0,0.0,0.0,0.0,0,none,none
Waalwijk,51.6852544,5.0705122,60,5.0,0.05,0.05,300,31.666666666666668,0.31666666666666665,0.31666666666666665,1900,20.833333333333332,0.35,0.06666666666666667,1250,17.5,0.18333333333333332,0.16666666666666666,1050,0.8333333333333334,0.016666666666666666,0.0,50,15.0,0.25,0.05,900,bad_news,bad_news
Waardenburg,51.8313424,5.2575135,3,33.333333333333336,0.3333333333333333,0.3333333333333333,100,0.0,0.0,0.0,0,0.0,0.0,0.0,0,0.0,0.0,0.0,0,0.0,0.0,0.0,0,0.0,0.0,0.0,0,entertainment,entertainment
Waddinxveen,52.0443308,4.6558527,6,0.0,0.0,0.0,0,16.666666666666668,0.16666666666666666,0.16666666666666666,100,25.0,0.3333333333333333,0.16666666666666666,150,0.0,0.0,0.0,0,0.0,0.0,0.0,0,8.333333333333334,0.16666666666666666,0.0,50,magnitude,magnitude
Wagenberg,51.6659781,4.7473229,2,0.0,0.0,0.0,0,50.0,0.5,0.5,100,25.0,0.5,0.0,50,0.0,0.0,0.0,0,0.0,0.0,0.0,0,25.0,0.5,0.0,50,bad_news,bad_news
Wageningen,51.9663016,5.6662814,63,3.1746031746031744,0.031746031746031744,0.031746031746031744,200,33.333333333333336,0.3333333333333333,0.3333333333333333,2100,19.841269841269842,0.36507936507936506,0.031746031746031744,1250,4.761904761904762,0.047619047619047616,0.047619047619047616,300,0.0,0.0,0.0,0,15.873015873015873,0.31746031746031744,0.0,1000,bad_news,bad_news
Wanroij,51.6569768,5.8201853,4,0.0,0.0,0.0,0,100.0,1.0,1.0,400,50.0,1.0,0.0,200,0.0,0.0,0.0,0,0.0,0.0,0.0,0,50.0,1.0,0.0,200,bad_news,bad_news
Wapenveld,52.4314896,6.072898,2,0.0,0.0,0.0,0,50.0,0.5,0.5,100,25.0,0.5,0.0,50,0.0,0.0,0.0,0,0.0,0.0,0.0,0,25.0,0.5,0.0,50,bad_news,bad_news
Warffum,53.3911179,6.5588495,11,0.0,0.0,0.0,0,36.36363636363637,0.36363636363636365,0.36363636363636365,400,27.272727272727273,0.45454545454545453,0.09090909090909091,300,0.0,0.0,0.0,0,0.0,0.0,0.0,0,13.636363636363637,0.2727272727272727,0.0,150,bad_news,bad_news
Warten,53.1503951,5.8980352,2,0.0,0.0,0.0,0,0.0,0.0,0.0,0,0.0,0.0,0.0,0,0.0,0.0,0.0,0,0.0,0.0,0.0,0,0.0,0.0,0.0,0,none,none
Waspik,51.6874874,4.9460015,1,0.0,0.0,0.0,0,0.0,0.0,0.0,0,0.0,0.0,0.0,0,0.0,0.0,0.0,0,0.0,0.0,0.0,0,0.0,0.0,0.0,0,none,none
Wassenaar,52.1428381,4.4010893,37,8.108108108108109,0.08108108108108109,0.08108108108108109,300,10.81081081081081,0.10810810810810811,0.10810810810810811,400,10.81081081081081,0.16216216216216217,0.05405405405405406,400,2.7027027027027026,0.02702702702702703,0.02702702702702703,100,0.0,0.0,0.0,0,5.405405405405405,0.10810810810810811,0.0,200,magnitude,magnitude
Wateringen,52.0235098,4.2745855,1,0.0,0.0,0.0,0,0.0,0.0,0.0,0,0.0,0.0,0.0,0,0.0,0.0,0.0,0,0.0,0.0,0.0,0,0.0,0.0,0.0,0,none,none
Wedde,53.0690643,7.0762777,3,0.0,0.0,0.0,0,66.66666666666667,0.6666666666666666,0.6666666666666666,200,33.333333333333336,0.6666666666666666,0.0,100,0.0,0.0,0.0,0,0.0,0.0,0.0,0,16.666666666666668,0.3333333333333333,0.0,50,bad_news,bad_news
Weerselo,52.3508632,6.8539238,1,0.0,0.0,0.0,0,100.0,1.0,1.0,100,50.0,1.0,0.0,50,0.0,0.0,0.0,0,0.0,0.0,0.0,0,50.0,1.0,0.0,50,bad_news,bad_news
Weert,51.2538446,5.7065678,9,0.0,0.0,0.0,0,22.22222222222222,0.2222222222222222,0.2222222222222222,200,11.11111111111111,0.2222222222222222,0.0,100,0.0,0.0,0.0,0,0.0,0.0,0.0,0,11.11111111111111,0.2222222222222222,0.0,100,bad_news,bad_news
Weesp,52.3072593,5.0420822,9,0.0,0.0,0.0,0,22.22222222222222,0.2222222222222222,0.2222222222222222,200,22.22222222222222,0.3333333333333333,0.1111111111111111,200,0.0,0.0,0.0,0,0.0,0.0,0.0,0,11.11111111111111,0.2222222222222222,0.0,100,magnitude,magnitude
Wehl,51.9629701,6.2119757,4,0.0,0.0,0.0,0,100.0,1.0,1.0,400,50.0,1.0,0.0,200,0.0,0.0,0.0,0,0.0,0.0,0.0,0,12.5,0.25,0.0,50,bad_news,bad_news
Weiteveen,52.6721857,6.9910891,10,0.0,0.0,0.0,0,30.0,0.3,0.3,300,15.0,0.3,0.0,150,0.0,0.0,0.0,0,0.0,0.0,0.0,0,15.0,0.3,0.0,150,bad_news,bad_news
Wemeldinge,51.5183828,3.9951424,3,33.333333333333336,0.3333333333333333,0.3333333333333333,100,33.333333333333336,0.3333333333333333,0.3333333333333333,100,16.666666666666668,0.3333333333333333,0.0,50,0.0,0.0,0.0,0,0.0,0.0,0.0,0,16.666666666666668,0.3333333333333333,0.0,50,entertainment,entertainment
Werkendam,51.8079227,4.8987346,9,0.0,0.0,0.0,0,55.55555555555556,0.5555555555555556,0.5555555555555556,500,38.888888888888886,0.6666666666666666,0.1111111111111111,350,0.0,0.0,0.0,0,0.0,0.0,0.0,0,22.22222222222222,0.4444444444444444,0.0,200,bad_news,bad_news
Wernhout,51.4540976,4.6420179,1,0.0,0.0,0.0,0,100.0,1.0,1.0,100,50.0,1.0,0.0,50,0.0,0.0,0.0,0,0.0,0.0,0.0,0,50.0,1.0,0.0,50,bad_news,bad_news
Westbroek,52.1506143,5.1259863,13,0.0,0.0,0.0,0,23.076923076923077,0.23076923076923078,0.23076923076923078,300,19.23076923076923,0.3076923076923077,0.07692307692307693,250,7.6923076923076925,0.07692307692307693,0.07692307692307693,100,0.0,0.0,0.0,0,7.6923076923076925,0.15384615384615385,0.0,100,bad_news,bad_news
Westdorpe,51.2302243,3.823928,3,0.0,0.0,0.0,0,0.0,0.0,0.0,0,0.0,0.0,0.0,0,0.0,0.0,0.0,0,0.0,0.0,0.0,0,0.0,0.0,0.0,0,none,none
Westendorp,51.9502068,6.4126431,8,12.5,0.125,0.125,100,25.0,0.25,0.25,200,25.0,0.375,0.125,200,43.75,0.5,0.375,350,0.0,0.0,0.0,0,31.25,0.5,0.125,250,good_news,good_news
Westerbork,52.8492168,6.6103067,11,9.090909090909092,0.09090909090909091,0.09090909090909091,100,9.090909090909092,0.09090909090909091,0.09090909090909091,100,9.090909090909092,0.18181818181818182,0.0,100,18.181818181818183,0.18181818181818182,0.18181818181818182,200,4.545454545454546,0.09090909090909091,0.0,50,4.545454545454546,0.09090909090909091,0.0,50,good_news,good_news
Westerhaar-Vriezenveensewijk,52.4548041,6.6199584,1,0.0,0.0,0.0,0,100.0,1.0,1.0,100,50.0,1.0,0.0,50,0.0,0.0,0.0,0,0.0,0.0,0.0,0,50.0,1.0,0.0,50,bad_news,bad_news
Westerhoven,51.3316002,5.3985112,2,0.0,0.0,0.0,0,100.0,1.0,1.0,200,50.0,1.0,0.0,100,0.0,0.0,0.0,0,0.0,0.0,0.0,0,50.0,1.0,0.0,100,bad_news,bad_news
Westervoort,51.9627099,5.9672548,7,42.857142857142854,0.42857142857142855,0.42857142857142855,300,42.857142857142854,0.42857142857142855,0.42857142857142855,300,50.0,0.8571428571428571,0.14285714285714285,350,28.571428571428573,0.2857142857142857,0.2857142857142857,200,7.142857142857143,0.14285714285714285,0.0,50,28.571428571428573,0.42857142857142855,0.14285714285714285,200,magnitude,magnitude
Westerwijtwerd,53.3332212,6.645661,1,0.0,0.0,0.0,0,100.0,1.0,1.0,100,100.0,1.0,1.0,100,0.0,0.0,0.0,0,0.0,0.0,0.0,0,0.0,0.0,0.0,0,bad_news,bad_news
Westhoek,53.276231,5.569997,5,0.0,0.0,0.0,0,20.0,0.2,0.2,100,10.0,0.2,0.0,50,0.0,0.0,0.0,0,0.0,0.0,0.0,0,10.0,0.2,0.0,50,bad_news,bad_news
Westmaas,51.7877888,4.4737754,4,0.0,0.0,0.0,0,0.0,0.0,0.0,0,0.0,0.0,0.0,0,0.0,0.0,0.0,0,0.0,0.0,0.0,0,0.0,0.0,0.0,0,none,none
Westzaan,52.4644351,4.771537,1,0.0,0.0,0.0,0,100.0,1.0,1.0,100,50.0,1.0,0.0,50,0.0,0.0,0.0,0,0.0,0.0,0.0,0,0.0,0.0,0.0,0,bad_news,bad_news
Weurt,51.8582919,5.815368,1,0.0,0.0,0.0,0,0.0,0.0,0.0,0,0.0,0.0,0.0,0,0.0,0.0,0.0,0,0.0,0.0,0.0,0,0.0,0.0,0.0,0,none,none
Wezep,52.4579135,5.9995423,8,0.0,0.0,0.0,0,37.5,0.375,0.375,300,31.25,0.5,0.125,250,0.0,0.0,0.0,0,0.0,0.0,0.0,0,18.75,0.25,0.125,150,bad_news,bad_news
Wierden,52.3579925,6.5921844,6,0.0,0.0,0.0,0,16.666666666666668,0.16666666666666666,0.16666666666666666,100,25.0,0.3333333333333333,0.16666666666666666,150,0.0,0.0,0.0,0,0.0,0.0,0.0,0,0.0,0.0,0.0,0,magnitude,magnitude
Wierum,53.4013438,6.015071,2,0.0,0.0,0.0,0,100.0,1.0,1.0,200,50.0,1.0,0.0,100,0.0,0.0,0.0,0,0.0,0.0,0.0,0,50.0,1.0,0.0,100,bad_news,bad_news
Wijchen,51.8071658,5.7261657,1,0.0,0.0,0.0,0,0.0,0.0,0.0,0,0.0,0.0,0.0,0,0.0,0.0,0.0,0,0.0,0.0,0.0,0,0.0,0.0,0.0,0,none,none
Wijdewormer,52.5002304,4.8922785,20,20.0,0.2,0.2,400,20.0,0.2,0.2,400,15.0,0.25,0.05,300,32.5,0.4,0.25,650,0.0,0.0,0.0,0,15.0,0.25,0.05,300,good_news,good_news
Wijhe,52.3841425,6.136018,1,100.0,1.0,1.0,100,0.0,0.0,0.0,0,0.0,0.0,0.0,0,0.0,0.0,0.0,0,0.0,0.0,0.0,0,0.0,0.0,0.0,0,entertainment,entertainment
Wijlre,50.8319039,5.8947023,2,0.0,0.0,0.0,0,100.0,1.0,1.0,200,50.0,1.0,0.0,100,0.0,0.0,0.0,0,0.0,0.0,0.0,0,50.0,1.0,0.0,100,bad_news,bad_news
Wijnaldum,53.1953337,5.4609159,2,50.0,0.5,0.5,100,0.0,0.0,0.0,0,25.0,0.5,0.0,50,50.0,0.5,0.5,100,25.0,0.5,0.0,50,0.0,0.0,0.0,0,entertainment,entertainment
Wijngaarden,51.8446651,4.7626994,2,0.0,0.0,0.0,0,0.0,0.0,0.0,0,0.0,0.0,0.0,0,0.0,0.0,0.0,0,0.0,0.0,0.0,0,0.0,0.0,0.0,0,none,none
Wijster,52.8148592,6.5163531,1,0.0,0.0,0.0,0,0.0,0.0,0.0,0,0.0,0.0,0.0,0,0.0,0.0,0.0,0,0.0,0.0,0.0,0,0.0,0.0,0.0,0,none,none
Wilp,52.2185102,6.1468559,1,0.0,0.0,0.0,0,0.0,0.0,0.0,0,0.0,0.0,0.0,0,0.0,0.0,0.0,0,0.0,0.0,0.0,0,0.0,0.0,0.0,0,none,none
Windesheim,52.4481874,6.1331609,2,0.0,0.0,0.0,0,0.0,0.0,0.0,0,0.0,0.0,0.0,0,50.0,0.5,0.5,100,0.0,0.0,0.0,0,0.0,0.0,0.0,0,good_news,good_news
Winschoten,53.143001,7.0380717,56,0.0,0.0,0.0,0,46.42857142857143,0.4642857142857143,0.4642857142857143,2600,26.785714285714285,0.5,0.03571428571428571,1500,0.0,0.0,0.0,0,0.0,0.0,0.0,0,22.321428571428573,0.44642857142857145,0.0,1250,bad_news,bad_news
Winssen,51.8817536,5.7067365,1,0.0,0.0,0.0,0,0.0,0.0,0.0,0,0.0,0.0,0.0,0,0.0,0.0,0.0,0,0.0,0.0,0.0,0,0.0,0.0,0.0,0,none,none
Winsum,53.1526714,5.6324887,3,0.0,0.0,0.0,0,66.66666666666667,0.6666666666666666,0.6666666666666666,200,33.333333333333336,0.6666666666666666,0.0,100,0.0,0.0,0.0,0,0.0,0.0,0.0,0,16.666666666666668,0.3333333333333333,0.0,50,bad_news,bad_news
Wintelre,51.4447969,5.3405347,1,0.0,0.0,0.0,0,0.0,0.0,0.0,0,0.0,0.0,0.0,0,0.0,0.0,0.0,0,0.0,0.0,0.0,0,0.0,0.0,0.0,0,none,none
Winterswijk,51.9746432,6.7224185,30,16.666666666666668,0.16666666666666666,0.16666666666666666,500,33.333333333333336,0.3333333333333333,0.3333333333333333,1000,20.0,0.36666666666666664,0.03333333333333333,600,8.333333333333334,0.1,0.06666666666666667,250,0.0,0.0,0.0,0,10.0,0.2,0.0,300,bad_news,bad_news
Wirdum,53.1502491,5.8051023,7,0.0,0.0,0.0,0,71.42857142857143,0.7142857142857143,0.7142857142857143,500,85.71428571428571,1.0,0.7142857142857143,600,0.0,0.0,0.0,0,0.0,0.0,0.0,0,14.285714285714286,0.2857142857142857,0.0,100,magnitude,magnitude
Witmarsum,53.1023772,5.4673456,3,0.0,0.0,0.0,0,66.66666666666667,0.6666666666666666,0.6666666666666666,200,33.333333333333336,0.6666666666666666,0.0,100,0.0,0.0,0.0,0,0.0,0.0,0.0,0,33.333333333333336,0.6666666666666666,0.0,100,bad_news,bad_news
Woensdrecht,51.4293059,4.304716,13,0.0,0.0,0.0,0,0.0,0.0,0.0,0,7.6923076923076925,0.07692307692307693,0.07692307692307693,100,0.0,0.0,0.0,0,0.0,0.0,0.0,0,0.0,0.0,0.0,0,magnitude,magnitude
Woerden,52.0859261,4.8832939,19,5.2631578947368425,0.05263157894736842,0.05263157894736842,100,15.789473684210526,0.15789473684210525,0.15789473684210525,300,13.157894736842104,0.21052631578947367,0.05263157894736842,250,15.789473684210526,0.15789473684210525,0.15789473684210525,300,0.0,0.0,0.0,0,7.894736842105263,0.15789473684210525,0.0,150,bad_news,bad_news
Wolfheze,52.0050085,5.7925941,1,0.0,0.0,0.0,0,100.0,1.0,1.0,100,50.0,1.0,0.0,50,0.0,0.0,0.0,0,0.0,0.0,0.0,0,0.0,0.0,0.0,0,bad_news,bad_news
Wolvega,52.8762872,6.001764,2,100.0,1.0,1.0,200,0.0,0.0,0.0,0,50.0,1.0,0.0,100,0.0,0.0,0.0,0,0.0,0.0,0.0,0,50.0,1.0,0.0,100,entertainment,entertainment
Workum,52.9778491,5.4464091,1,100.0,1.0,1.0,100,0.0,0.0,0.0,0,0.0,0.0,0.0,0,0.0,0.0,0.0,0,0.0,0.0,0.0,0,0.0,0.0,0.0,0,entertainment,entertainment
Wormerveer,52.4952218,4.7876566,1,0.0,0.0,0.0,0,0.0,0.0,0.0,0,0.0,0.0,0.0,0,100.0,1.0,1.0,100,0.0,0.0,0.0,0,0.0,0.0,0.0,0,good_news,good_news
Woubrugge,52.1696062,4.6392252,5,0.0,0.0,0.0,0,0.0,0.0,0.0,0,60.0,0.6,0.6,300,0.0,0.0,0.0,0,0.0,0.0,0.0,0,0.0,0.0,0.0,0,magnitude,magnitude
Woudenberg,52.0805478,5.4134327,5,0.0,0.0,0.0,0,60.0,0.6,0.6,300,30.0,0.6,0.0,150,0.0,0.0,0.0,0,0.0,0.0,0.0,0,30.0,0.6,0.0,150,bad_news,bad_news
Wouw,51.5224384,4.388024,10,30.0,0.3,0.3,300,30.0,0.3,0.3,300,25.0,0.4,0.1,250,30.0,0.3,0.3,300,0.0,0.0,0.0,0,10.0,0.2,0.0,100,entertainment,entertainment
Yerseke,51.4935791,4.0452502,5,0.0,0.0,0.0,0,60.0,0.6,0.6,300,30.0,0.6,0.0,150,0.0,0.0,0.0,0,0.0,0.0,0.0,0,20.0,0.4,0.0,100,bad_news,bad_news
Zaamslag,51.3121293,3.9132518,1,0.0,0.0,0.0,0,0.0,0.0,0.0,0,0.0,0.0,0.0,0,0.0,0.0,0.0,0,0.0,0.0,0.0,0,0.0,0.0,0.0,0,none,none
Zaandam,52.4424926,4.8298607,37,8.108108108108109,0.08108108108108109,0.08108108108108109,300,43.24324324324324,0.43243243243243246,0.43243243243243246,1600,24.324324324324323,0.4864864864864865,0.0,900,0.0,0.0,0.0,0,0.0,0.0,0.0,0,21.62162162162162,0.43243243243243246,0.0,800,bad_news,bad_news
Zaandijk,52.4744145,4.8080282,1,100.0,1.0,1.0,100,0.0,0.0,0.0,0,0.0,0.0,0.0,0,0.0,0.0,0.0,0,0.0,0.0,0.0,0,0.0,0.0,0.0,0,entertainment,entertainment
Zaltbommel,51.8067075,5.2410285,17,0.0,0.0,0.0,0,11.764705882352942,0.11764705882352941,0.11764705882352941,200,47.05882352941177,0.5294117647058824,0.4117647058823529,800,5.882352941176471,0.058823529411764705,0.058823529411764705,100,5.882352941176471,0.058823529411764705,0.058823529411764705,100,2.9411764705882355,0.058823529411764705,0.0,50,magnitude,magnitude
Zandpol,52.693669,6.8680901,1,0.0,0.0,0.0,0,0.0,0.0,0.0,0,0.0,0.0,0.0,0,0.0,0.0,0.0,0,0.0,0.0,0.0,0,0.0,0.0,0.0,0,none,none
Zandvoort,52.3719838,4.5302209,163,23.312883435582823,0.2392638036809816,0.22699386503067484,3800,4.9079754601226995,0.049079754601226995,0.049079754601226995,800,11.349693251533742,0.1656441717791411,0.06134969325153374,1850,15.644171779141104,0.15950920245398773,0.15337423312883436,2550,1.5337423312883436,0.024539877300613498,0.006134969325153374,250,11.963190184049079,0.17177914110429449,0.06748466257668712,1950,entertainment,entertainment
Zeddam,51.9029083,6.2575837,1,0.0,0.0,0.0,0,0.0,0.0,0.0,0,0.0,0.0,0.0,0,0.0,0.0,0.0,0,0.0,0.0,0.0,0,0.0,0.0,0.0,0,none,none
Zeeland,51.4800,3.7800,239,5.439330543933054,0.05439330543933055,0.05439330543933055,1300,19.246861924686193,0.19246861924686193,0.19246861924686193,4600,30.753138075313807,0.40585774058577406,0.20920502092050208,7350,3.7656903765690375,0.03765690376569038,0.03765690376569038,900,0.20920502092050208,0.0041841004184100415,0.0,50,8.577405857740585,0.1589958158995816,0.012552301255230125,2050,magnitude,magnitude
Zeerijp,53.3475732,6.7630532,14,0.0,0.0,0.0,0,57.142857142857146,0.5714285714285714,0.5714285714285714,800,82.14285714285714,1.0,0.6428571428571429,1150,0.0,0.0,0.0,0,0.0,0.0,0.0,0,10.714285714285714,0.21428571428571427,0.0,150,magnitude,magnitude
Zeewolde,52.331111,5.5430312,16,0.0,0.0,0.0,0,25.0,0.25,0.25,400,43.75,0.5625,0.3125,700,6.25,0.0625,0.0625,100,0.0,0.0,0.0,0,15.625,0.25,0.0625,250,magnitude,magnitude
Zegge,51.5558698,4.5167245,2,0.0,0.0,0.0,0,0.0,0.0,0.0,0,0.0,0.0,0.0,0,0.0,0.0,0.0,0,0.0,0.0,0.0,0,0.0,0.0,0.0,0,none,none
Zeist,52.0892832,5.2276307,204,5.882352941176471,0.058823529411764705,0.058823529411764705,1200,16.176470588235293,0.16176470588235295,0.16176470588235295,3300,11.029411764705882,0.18137254901960784,0.0392156862745098,2250,17.401960784313726,0.17647058823529413,0.1715686274509804,3550,1.7156862745098038,0.029411764705882353,0.004901960784313725,350,18.137254901960784,0.25,0.11274509803921569,3700,power_elite,power_elite
Zenderen,52.3237521,6.7241713,1,0.0,0.0,0.0,0,0.0,0.0,0.0,0,0.0,0.0,0.0,0,0.0,0.0,0.0,0,0.0,0.0,0.0,0,0.0,0.0,0.0,0,none,none
Zetten,51.9283579,5.7134529,3,33.333333333333336,0.3333333333333333,0.3333333333333333,100,66.66666666666667,0.6666666666666666,0.6666666666666666,200,33.333333333333336,0.6666666666666666,0.0,100,0.0,0.0,0.0,0,0.0,0.0,0.0,0,16.666666666666668,0.3333333333333333,0.0,50,bad_news,bad_news
Zevenaar,51.9357252,6.0789395,10,0.0,0.0,0.0,0,70.0,0.7,0.7,700,35.0,0.7,0.0,350,10.0,0.1,0.1,100,0.0,0.0,0.0,0,25.0,0.5,0.0,250,bad_news,bad_news
Zevenbergen,51.6450443,4.6061538,4,0.0,0.0,0.0,0,75.0,0.75,0.75,300,37.5,0.75,0.0,150,0.0,0.0,0.0,0,0.0,0.0,0.0,0,25.0,0.5,0.0,100,bad_news,bad_news
Zevenbergschen Hoek,51.673603,4.6773703,1,0.0,0.0,0.0,0,100.0,1.0,1.0,100,50.0,1.0,0.0,50,0.0,0.0,0.0,0,0.0,0.0,0.0,0,50.0,1.0,0.0,50,bad_news,bad_news
Zevenhuizen,53.1254057,6.349367,7,57.142857142857146,0.5714285714285714,0.5714285714285714,400,28.571428571428573,0.2857142857142857,0.2857142857142857,200,28.571428571428573,0.5714285714285714,0.0,200,0.0,0.0,0.0,0,0.0,0.0,0.0,0,28.571428571428573,0.5714285714285714,0.0,200,entertainment,entertainment
Zierikzee,51.6497688,3.9208365,9,11.11111111111111,0.1111111111111111,0.1111111111111111,100,0.0,0.0,0.0,0,22.22222222222222,0.2222222222222222,0.2222222222222222,200,0.0,0.0,0.0,0,0.0,0.0,0.0,0,0.0,0.0,0.0,0,magnitude,magnitude
Zijderveld,51.9425334,5.1378562,3,0.0,0.0,0.0,0,100.0,1.0,1.0,300,50.0,1.0,0.0,150,0.0,0.0,0.0,0,0.0,0.0,0.0,0,50.0,1.0,0.0,150,bad_news,bad_news
Zoetermeer,52.0622531,4.4901218,40,2.5,0.025,0.025,100,72.5,0.725,0.725,2900,32.5,0.65,0.0,1300,2.5,0.025,0.025,100,0.0,0.0,0.0,0,25.0,0.5,0.0,1000,bad_news,bad_news
Zonnemaire,51.7129045,3.9517495,2,0.0,0.0,0.0,0,0.0,0.0,0.0,0,0.0,0.0,0.0,0,0.0,0.0,0.0,0,0.0,0.0,0.0,0,0.0,0.0,0.0,0,none,none
Zoutelande,51.5018348,3.4872245,3,33.333333333333336,0.3333333333333333,0.3333333333333333,100,33.333333333333336,0.3333333333333333,0.3333333333333333,100,16.666666666666668,0.3333333333333333,0.0,50,0.0,0.0,0.0,0,0.0,0.0,0.0,0,16.666666666666668,0.3333333333333333,0.0,50,entertainment,entertainment
Zuid-Beijerland,51.7506951,4.3666202,3,0.0,0.0,0.0,0,0.0,0.0,0.0,0,33.333333333333336,0.3333333333333333,0.3333333333333333,100,0.0,0.0,0.0,0,0.0,0.0,0.0,0,0.0,0.0,0.0,0,magnitude,magnitude
Zuid-Scharwoude,52.6916739,4.8093553,2,0.0,0.0,0.0,0,100.0,1.0,1.0,200,50.0,1.0,0.0,100,0.0,0.0,0.0,0,0.0,0.0,0.0,0,25.0,0.5,0.0,50,bad_news,bad_news
Zuidbroek,53.1655615,6.8624774,3,0.0,0.0,0.0,0,33.333333333333336,0.3333333333333333,0.3333333333333333,100,16.666666666666668,0.3333333333333333,0.0,50,0.0,0.0,0.0,0,0.0,0.0,0.0,0,0.0,0.0,0.0,0,bad_news,bad_news
Zuidland,51.8220839,4.2577294,1,0.0,0.0,0.0,0,0.0,0.0,0.0,0,0.0,0.0,0.0,0,0.0,0.0,0.0,0,0.0,0.0,0.0,0,0.0,0.0,0.0,0,none,none
Zuidzande,51.3413262,3.4506465,1,0.0,0.0,0.0,0,0.0,0.0,0.0,0,0.0,0.0,0.0,0,0.0,0.0,0.0,0,0.0,0.0,0.0,0,0.0,0.0,0.0,0,none,none
Zundert,51.4703878,4.6609892,9,0.0,0.0,0.0,0,44.44444444444444,0.4444444444444444,0.4444444444444444,400,16.666666666666668,0.3333333333333333,0.0,150,0.0,0.0,0.0,0,0.0,0.0,0.0,0,16.666666666666668,0.3333333333333333,0.0,150,bad_news,bad_news
Zutphen,52.1396933,6.194772,41,0.0,0.0,0.0,0,46.34146341463415,0.4634146341463415,0.4634146341463415,1900,23.170731707317074,0.4634146341463415,0.0,950,2.4390243902439024,0.024390243902439025,0.024390243902439025,100,0.0,0.0,0.0,0,18.29268292682927,0.36585365853658536,0.0,750,bad_news,bad_news
Zwaag,52.667378,5.0711709,2,0.0,0.0,0.0,0,100.0,1.0,1.0,200,50.0,1.0,0.0,100,0.0,0.0,0.0,0,0.0,0.0,0.0,0,50.0,1.0,0.0,100,bad_news,bad_news
Zwanenburg,52.3779288,4.7436402,3,0.0,0.0,0.0,0,33.333333333333336,0.3333333333333333,0.3333333333333333,100,16.666666666666668,0.3333333333333333,0.0,50,33.333333333333336,0.3333333333333333,0.3333333333333333,100,0.0,0.0,0.0,0,16.666666666666668,0.3333333333333333,0.0,50,bad_news,bad_news
Zwartemeer,52.7224507,7.0425992,3,0.0,0.0,0.0,0,0.0,0.0,0.0,0,0.0,0.0,0.0,0,0.0,0.0,0.0,0,0.0,0.0,0.0,0,0.0,0.0,0.0,0,none,none
Zwartewaal,51.8813541,4.2233039,4,0.0,0.0,0.0,0,100.0,1.0,1.0,400,50.0,1.0,0.0,200,0.0,0.0,0.0,0,0.0,0.0,0.0,0,12.5,0.25,0.0,50,bad_news,bad_news
Zwartsluis,52.6425446,6.0720879,1,100.0,1.0,1.0,100,0.0,0.0,0.0,0,0.0,0.0,0.0,0,0.0,0.0,0.0,0,0.0,0.0,0.0,0,0.0,0.0,0.0,0,entertainment,entertainment
Zwijndrecht,51.8162227,4.6405166,13,0.0,0.0,0.0,0,38.46153846153846,0.38461538461538464,0.38461538461538464,500,26.923076923076923,0.46153846153846156,0.07692307692307693,350,0.0,0.0,0.0,0,0.0,0.0,0.0,0,19.23076923076923,0.38461538461538464,0.0,250,bad_news,bad_news
Zwolle,52.5089759,6.0943765,236,7.627118644067797,0.07627118644067797,0.07627118644067797,1800,24.576271186440678,0.2457627118644068,0.2457627118644068,5800,16.52542372881356,0.288135593220339,0.0423728813559322,3900,14.40677966101695,0.1440677966101695,0.1440677966101695,3400,4.02542372881356,0.046610169491525424,0.03389830508474576,950,13.771186440677965,0.2457627118644068,0.029661016949152543,3250,bad_news,bad_news
